-- --------------------------------------------------------
-- Хост:                         172.22.1.153
-- Версия сервера:               8.0.28 - MySQL Community Server - GPL
-- Операционная система:         Linux
-- HeidiSQL Версия:              12.0.0.6468
-- --------------------------------------------------------

/*!40101 SET @OLD_CHARACTER_SET_CLIENT=@@CHARACTER_SET_CLIENT */;
/*!40101 SET NAMES utf8 */;
/*!50503 SET NAMES utf8mb4 */;
/*!40103 SET @OLD_TIME_ZONE=@@TIME_ZONE */;
/*!40103 SET TIME_ZONE='+00:00' */;
/*!40014 SET @OLD_FOREIGN_KEY_CHECKS=@@FOREIGN_KEY_CHECKS, FOREIGN_KEY_CHECKS=0 */;
/*!40101 SET @OLD_SQL_MODE=@@SQL_MODE, SQL_MODE='NO_AUTO_VALUE_ON_ZERO' */;
/*!40111 SET @OLD_SQL_NOTES=@@SQL_NOTES, SQL_NOTES=0 */;


-- Дамп структуры базы данных project
DROP DATABASE IF EXISTS project;
CREATE DATABASE IF NOT EXISTS project;
USE project;

-- Дамп структуры для таблица project.authors
DROP TABLE IF EXISTS authors;
CREATE TABLE IF NOT EXISTS authors (
  id bigint unsigned NOT NULL AUTO_INCREMENT,
  first_name varchar(63) COLLATE utf8mb4_unicode_ci NOT NULL,
  last_name varchar(63) COLLATE utf8mb4_unicode_ci NOT NULL,
  created_at timestamp NULL DEFAULT NULL,
  updated_at timestamp NULL DEFAULT NULL,
  PRIMARY KEY (id)
) ENGINE=InnoDB AUTO_INCREMENT=11 DEFAULT CHARSET=utf8mb4 COLLATE=utf8mb4_unicode_ci;

-- Дамп данных таблицы project.authors: ~10 rows (приблизительно)
DELETE FROM authors;
INSERT INTO authors (id, first_name, last_name, created_at, updated_at) VALUES
	(1, 'Gregoria', 'Beer', NULL, NULL),
	(2, 'Jan', 'Bogisich', NULL, NULL),
	(3, 'Sandy', 'Wehner', NULL, NULL),
	(4, 'Nigel', 'Dach', NULL, NULL),
	(5, 'Buddy', 'Bednar', NULL, NULL),
	(6, 'Richie', 'Batz', NULL, NULL),
	(7, 'Flossie', 'Carter', NULL, NULL),
	(8, 'Therese', 'Doyle', NULL, NULL),
	(9, 'Ella', 'Altenwerth', NULL, NULL),
	(10, 'Kurtis', 'Hintz', NULL, NULL);

-- Дамп структуры для таблица project.authors_news
DROP TABLE IF EXISTS authors_news;
CREATE TABLE IF NOT EXISTS authors_news (
  author_id bigint unsigned NOT NULL,
  news_id bigint unsigned NOT NULL,
  created_at timestamp NULL DEFAULT NULL,
  updated_at timestamp NULL DEFAULT NULL,
  UNIQUE KEY authors_news_author_id_news_id_unique (author_id,news_id),
  KEY authors_news_news_id_foreign (news_id),
  CONSTRAINT authors_news_author_id_foreign FOREIGN KEY (author_id) REFERENCES authors (id) ON DELETE CASCADE,
  CONSTRAINT authors_news_news_id_foreign FOREIGN KEY (news_id) REFERENCES news (id) ON DELETE CASCADE
) ENGINE=InnoDB DEFAULT CHARSET=utf8mb4 COLLATE=utf8mb4_unicode_ci;

-- Дамп данных таблицы project.authors_news: ~168 rows (приблизительно)
DELETE FROM authors_news;
INSERT INTO authors_news (author_id, news_id, created_at, updated_at) VALUES
	(1, 10, NULL, NULL),
	(1, 13, NULL, NULL),
	(1, 27, NULL, NULL),
	(1, 30, NULL, NULL),
	(1, 35, NULL, NULL),
	(1, 37, NULL, NULL),
	(1, 41, NULL, NULL),
	(1, 59, NULL, NULL),
	(1, 63, NULL, NULL),
	(1, 69, NULL, NULL),
	(1, 71, NULL, NULL),
	(1, 72, NULL, NULL),
	(1, 81, NULL, NULL),
	(1, 83, NULL, NULL),
	(1, 85, NULL, NULL),
	(1, 86, NULL, NULL),
	(1, 88, NULL, NULL),
	(1, 96, NULL, NULL),
	(1, 115, NULL, NULL),
	(1, 119, NULL, NULL),
	(2, 16, NULL, NULL),
	(2, 22, NULL, NULL),
	(2, 28, NULL, NULL),
	(2, 31, NULL, NULL),
	(2, 33, NULL, NULL),
	(2, 40, NULL, NULL),
	(2, 42, NULL, NULL),
	(2, 45, NULL, NULL),
	(2, 49, NULL, NULL),
	(2, 57, NULL, NULL),
	(2, 66, NULL, NULL),
	(2, 76, NULL, NULL),
	(2, 85, NULL, NULL),
	(2, 88, NULL, NULL),
	(2, 98, NULL, NULL),
	(2, 101, NULL, NULL),
	(2, 106, NULL, NULL),
	(2, 108, NULL, NULL),
	(2, 118, NULL, NULL),
	(3, 12, NULL, NULL),
	(3, 18, NULL, NULL),
	(3, 26, NULL, NULL),
	(3, 30, NULL, NULL),
	(3, 55, NULL, NULL),
	(3, 56, NULL, NULL),
	(3, 79, NULL, NULL),
	(3, 87, NULL, NULL),
	(3, 99, NULL, NULL),
	(3, 105, NULL, NULL),
	(3, 110, NULL, NULL),
	(3, 114, NULL, NULL),
	(4, 1, NULL, NULL),
	(4, 11, NULL, NULL),
	(4, 16, NULL, NULL),
	(4, 21, NULL, NULL),
	(4, 24, NULL, NULL),
	(4, 25, NULL, NULL),
	(4, 32, NULL, NULL),
	(4, 34, NULL, NULL),
	(4, 38, NULL, NULL),
	(4, 43, NULL, NULL),
	(4, 50, NULL, NULL),
	(4, 64, NULL, NULL),
	(4, 65, NULL, NULL),
	(4, 73, NULL, NULL),
	(4, 75, NULL, NULL),
	(4, 92, NULL, NULL),
	(4, 97, NULL, NULL),
	(4, 101, NULL, NULL),
	(4, 102, NULL, NULL),
	(4, 103, NULL, NULL),
	(4, 107, NULL, NULL),
	(4, 117, NULL, NULL),
	(4, 119, NULL, NULL),
	(5, 3, NULL, NULL),
	(5, 5, NULL, NULL),
	(5, 20, NULL, NULL),
	(5, 48, NULL, NULL),
	(5, 53, NULL, NULL),
	(5, 61, NULL, NULL),
	(5, 66, NULL, NULL),
	(5, 80, NULL, NULL),
	(5, 93, NULL, NULL),
	(5, 104, NULL, NULL),
	(5, 109, NULL, NULL),
	(5, 116, NULL, NULL),
	(6, 4, NULL, NULL),
	(6, 7, NULL, NULL),
	(6, 8, NULL, NULL),
	(6, 15, NULL, NULL),
	(6, 26, NULL, NULL),
	(6, 29, NULL, NULL),
	(6, 54, NULL, NULL),
	(6, 82, NULL, NULL),
	(6, 91, NULL, NULL),
	(6, 95, NULL, NULL),
	(6, 111, NULL, NULL),
	(6, 118, NULL, NULL),
	(7, 2, NULL, NULL),
	(7, 14, NULL, NULL),
	(7, 16, NULL, NULL),
	(7, 25, NULL, NULL),
	(7, 36, NULL, NULL),
	(7, 46, NULL, NULL),
	(7, 58, NULL, NULL),
	(7, 62, NULL, NULL),
	(7, 71, NULL, NULL),
	(7, 76, NULL, NULL),
	(7, 79, NULL, NULL),
	(7, 92, NULL, NULL),
	(7, 97, NULL, NULL),
	(7, 109, NULL, NULL),
	(7, 113, NULL, NULL),
	(7, 116, NULL, NULL),
	(7, 118, NULL, NULL),
	(8, 9, NULL, NULL),
	(8, 23, NULL, NULL),
	(8, 24, NULL, NULL),
	(8, 25, NULL, NULL),
	(8, 27, NULL, NULL),
	(8, 31, NULL, NULL),
	(8, 44, NULL, NULL),
	(8, 47, NULL, NULL),
	(8, 56, NULL, NULL),
	(8, 64, NULL, NULL),
	(8, 67, NULL, NULL),
	(8, 74, NULL, NULL),
	(8, 77, NULL, NULL),
	(8, 84, NULL, NULL),
	(8, 90, NULL, NULL),
	(8, 96, NULL, NULL),
	(8, 97, NULL, NULL),
	(8, 101, NULL, NULL),
	(8, 117, NULL, NULL),
	(8, 119, NULL, NULL),
	(9, 13, NULL, NULL),
	(9, 17, NULL, NULL),
	(9, 19, NULL, NULL),
	(9, 51, NULL, NULL),
	(9, 52, NULL, NULL),
	(9, 68, NULL, NULL),
	(9, 69, NULL, NULL),
	(9, 70, NULL, NULL),
	(9, 94, NULL, NULL),
	(9, 100, NULL, NULL),
	(9, 114, NULL, NULL),
	(9, 118, NULL, NULL),
	(9, 120, NULL, NULL),
	(10, 6, NULL, NULL),
	(10, 16, NULL, NULL),
	(10, 21, NULL, NULL),
	(10, 28, NULL, NULL),
	(10, 39, NULL, NULL),
	(10, 41, NULL, NULL),
	(10, 51, NULL, NULL),
	(10, 56, NULL, NULL),
	(10, 60, NULL, NULL),
	(10, 61, NULL, NULL),
	(10, 64, NULL, NULL),
	(10, 66, NULL, NULL),
	(10, 68, NULL, NULL),
	(10, 77, NULL, NULL),
	(10, 78, NULL, NULL),
	(10, 80, NULL, NULL),
	(10, 89, NULL, NULL),
	(10, 91, NULL, NULL),
	(10, 103, NULL, NULL),
	(10, 112, NULL, NULL);

-- Дамп структуры для таблица project.categories
DROP TABLE IF EXISTS categories;
CREATE TABLE IF NOT EXISTS categories (
  id bigint unsigned NOT NULL AUTO_INCREMENT,
  title varchar(255) COLLATE utf8mb4_unicode_ci NOT NULL,
  description text COLLATE utf8mb4_unicode_ci,
  created_at timestamp NULL DEFAULT NULL,
  updated_at timestamp NULL DEFAULT NULL,
  PRIMARY KEY (id)
) ENGINE=InnoDB AUTO_INCREMENT=7 DEFAULT CHARSET=utf8mb4 COLLATE=utf8mb4_unicode_ci;

-- Дамп данных таблицы project.categories: ~6 rows (приблизительно)
DELETE FROM categories;
INSERT INTO categories (id, title, description, created_at, updated_at) VALUES
	(1, 'LightGreen', 'Eum ex doloremque amet. Est iusto sunt molestiae quam numquam quasi recusandae. Esse expedita nesciunt officia vitae minus provident. Ut asperiores provident et iure commodi dicta quia consectetur.', NULL, NULL),
	(2, 'DeepSkyBlue', 'Dolorem voluptatum itaque suscipit sequi a nam aut repellat. Repudiandae sunt similique doloribus voluptatem ut corrupti eligendi. Ducimus molestiae aperiam culpa iusto.', NULL, NULL),
	(3, 'OliveDrab', 'Similique pariatur nihil qui id est non sunt. Voluptatem ex ut ipsam libero et iste nulla nihil. Autem ut earum necessitatibus deleniti rerum magnam. Molestiae quasi odio quis dicta.', NULL, NULL),
	(4, 'RosyBrown', 'Iure esse cum non aut sit et. Aut est id maxime officiis. Nihil quas non fugit aut officiis aut.', NULL, NULL),
	(5, 'Green', 'Totam qui qui voluptatem. Neque sit assumenda molestiae incidunt velit sint harum. Ex doloremque aliquam praesentium. In eum eaque ut sequi qui.', NULL, NULL),
	(6, 'Linen', 'Aperiam natus sit architecto saepe laborum reprehenderit. Excepturi nostrum quia officiis dolorem doloribus ea. Optio et omnis et consequatur magnam et enim.', NULL, NULL);

-- Дамп структуры для таблица project.categories_news
DROP TABLE IF EXISTS categories_news;
CREATE TABLE IF NOT EXISTS categories_news (
  category_id bigint unsigned NOT NULL,
  news_id bigint unsigned NOT NULL,
  created_at timestamp NULL DEFAULT NULL,
  updated_at timestamp NULL DEFAULT NULL,
  UNIQUE KEY categories_news_category_id_news_id_unique (category_id,news_id),
  KEY categories_news_news_id_foreign (news_id),
  CONSTRAINT categories_news_category_id_foreign FOREIGN KEY (category_id) REFERENCES categories (id) ON DELETE CASCADE,
  CONSTRAINT categories_news_news_id_foreign FOREIGN KEY (news_id) REFERENCES news (id) ON DELETE CASCADE
) ENGINE=InnoDB DEFAULT CHARSET=utf8mb4 COLLATE=utf8mb4_unicode_ci;

-- Дамп данных таблицы project.categories_news: ~216 rows (приблизительно)
DELETE FROM categories_news;
INSERT INTO categories_news (category_id, news_id, created_at, updated_at) VALUES
	(1, 1, NULL, NULL),
	(1, 2, NULL, NULL),
	(1, 3, NULL, NULL),
	(1, 4, NULL, NULL),
	(1, 8, NULL, NULL),
	(1, 12, NULL, NULL),
	(1, 13, NULL, NULL),
	(1, 21, NULL, NULL),
	(1, 26, NULL, NULL),
	(1, 30, NULL, NULL),
	(1, 33, NULL, NULL),
	(1, 34, NULL, NULL),
	(1, 39, NULL, NULL),
	(1, 48, NULL, NULL),
	(1, 49, NULL, NULL),
	(1, 51, NULL, NULL),
	(1, 52, NULL, NULL),
	(1, 53, NULL, NULL),
	(1, 57, NULL, NULL),
	(1, 58, NULL, NULL),
	(1, 60, NULL, NULL),
	(1, 62, NULL, NULL),
	(1, 83, NULL, NULL),
	(1, 86, NULL, NULL),
	(1, 87, NULL, NULL),
	(1, 88, NULL, NULL),
	(1, 96, NULL, NULL),
	(1, 98, NULL, NULL),
	(1, 99, NULL, NULL),
	(1, 103, NULL, NULL),
	(1, 107, NULL, NULL),
	(1, 112, NULL, NULL),
	(1, 116, NULL, NULL),
	(1, 117, NULL, NULL),
	(2, 1, NULL, NULL),
	(2, 2, NULL, NULL),
	(2, 9, NULL, NULL),
	(2, 11, NULL, NULL),
	(2, 13, NULL, NULL),
	(2, 14, NULL, NULL),
	(2, 17, NULL, NULL),
	(2, 18, NULL, NULL),
	(2, 19, NULL, NULL),
	(2, 20, NULL, NULL),
	(2, 24, NULL, NULL),
	(2, 26, NULL, NULL),
	(2, 30, NULL, NULL),
	(2, 31, NULL, NULL),
	(2, 32, NULL, NULL),
	(2, 39, NULL, NULL),
	(2, 41, NULL, NULL),
	(2, 42, NULL, NULL),
	(2, 43, NULL, NULL),
	(2, 50, NULL, NULL),
	(2, 54, NULL, NULL),
	(2, 56, NULL, NULL),
	(2, 59, NULL, NULL),
	(2, 60, NULL, NULL),
	(2, 65, NULL, NULL),
	(2, 66, NULL, NULL),
	(2, 67, NULL, NULL),
	(2, 71, NULL, NULL),
	(2, 78, NULL, NULL),
	(2, 80, NULL, NULL),
	(2, 84, NULL, NULL),
	(2, 89, NULL, NULL),
	(2, 91, NULL, NULL),
	(2, 103, NULL, NULL),
	(2, 104, NULL, NULL),
	(2, 111, NULL, NULL),
	(2, 113, NULL, NULL),
	(2, 117, NULL, NULL),
	(2, 119, NULL, NULL),
	(3, 17, NULL, NULL),
	(3, 19, NULL, NULL),
	(3, 23, NULL, NULL),
	(3, 24, NULL, NULL),
	(3, 25, NULL, NULL),
	(3, 27, NULL, NULL),
	(3, 34, NULL, NULL),
	(3, 37, NULL, NULL),
	(3, 38, NULL, NULL),
	(3, 39, NULL, NULL),
	(3, 45, NULL, NULL),
	(3, 47, NULL, NULL),
	(3, 53, NULL, NULL),
	(3, 58, NULL, NULL),
	(3, 68, NULL, NULL),
	(3, 72, NULL, NULL),
	(3, 75, NULL, NULL),
	(3, 78, NULL, NULL),
	(3, 81, NULL, NULL),
	(3, 86, NULL, NULL),
	(3, 89, NULL, NULL),
	(3, 90, NULL, NULL),
	(3, 98, NULL, NULL),
	(3, 108, NULL, NULL),
	(3, 114, NULL, NULL),
	(3, 115, NULL, NULL),
	(3, 118, NULL, NULL),
	(3, 120, NULL, NULL),
	(4, 1, NULL, NULL),
	(4, 4, NULL, NULL),
	(4, 7, NULL, NULL),
	(4, 13, NULL, NULL),
	(4, 20, NULL, NULL),
	(4, 23, NULL, NULL),
	(4, 25, NULL, NULL),
	(4, 34, NULL, NULL),
	(4, 35, NULL, NULL),
	(4, 40, NULL, NULL),
	(4, 41, NULL, NULL),
	(4, 45, NULL, NULL),
	(4, 46, NULL, NULL),
	(4, 48, NULL, NULL),
	(4, 51, NULL, NULL),
	(4, 52, NULL, NULL),
	(4, 53, NULL, NULL),
	(4, 57, NULL, NULL),
	(4, 61, NULL, NULL),
	(4, 71, NULL, NULL),
	(4, 81, NULL, NULL),
	(4, 92, NULL, NULL),
	(4, 93, NULL, NULL),
	(4, 94, NULL, NULL),
	(4, 95, NULL, NULL),
	(4, 97, NULL, NULL),
	(4, 109, NULL, NULL),
	(4, 116, NULL, NULL),
	(4, 120, NULL, NULL),
	(5, 3, NULL, NULL),
	(5, 6, NULL, NULL),
	(5, 11, NULL, NULL),
	(5, 13, NULL, NULL),
	(5, 14, NULL, NULL),
	(5, 15, NULL, NULL),
	(5, 16, NULL, NULL),
	(5, 19, NULL, NULL),
	(5, 21, NULL, NULL),
	(5, 22, NULL, NULL),
	(5, 24, NULL, NULL),
	(5, 27, NULL, NULL),
	(5, 28, NULL, NULL),
	(5, 29, NULL, NULL),
	(5, 31, NULL, NULL),
	(5, 33, NULL, NULL),
	(5, 36, NULL, NULL),
	(5, 38, NULL, NULL),
	(5, 40, NULL, NULL),
	(5, 43, NULL, NULL),
	(5, 44, NULL, NULL),
	(5, 45, NULL, NULL),
	(5, 50, NULL, NULL),
	(5, 52, NULL, NULL),
	(5, 55, NULL, NULL),
	(5, 57, NULL, NULL),
	(5, 59, NULL, NULL),
	(5, 60, NULL, NULL),
	(5, 63, NULL, NULL),
	(5, 64, NULL, NULL),
	(5, 68, NULL, NULL),
	(5, 71, NULL, NULL),
	(5, 72, NULL, NULL),
	(5, 80, NULL, NULL),
	(5, 82, NULL, NULL),
	(5, 83, NULL, NULL),
	(5, 84, NULL, NULL),
	(5, 89, NULL, NULL),
	(5, 92, NULL, NULL),
	(5, 94, NULL, NULL),
	(5, 95, NULL, NULL),
	(5, 97, NULL, NULL),
	(5, 101, NULL, NULL),
	(5, 102, NULL, NULL),
	(5, 103, NULL, NULL),
	(5, 106, NULL, NULL),
	(5, 110, NULL, NULL),
	(5, 120, NULL, NULL),
	(6, 1, NULL, NULL),
	(6, 2, NULL, NULL),
	(6, 5, NULL, NULL),
	(6, 10, NULL, NULL),
	(6, 13, NULL, NULL),
	(6, 22, NULL, NULL),
	(6, 27, NULL, NULL),
	(6, 28, NULL, NULL),
	(6, 30, NULL, NULL),
	(6, 31, NULL, NULL),
	(6, 37, NULL, NULL),
	(6, 41, NULL, NULL),
	(6, 42, NULL, NULL),
	(6, 44, NULL, NULL),
	(6, 45, NULL, NULL),
	(6, 47, NULL, NULL),
	(6, 52, NULL, NULL),
	(6, 55, NULL, NULL),
	(6, 62, NULL, NULL),
	(6, 69, NULL, NULL),
	(6, 70, NULL, NULL),
	(6, 71, NULL, NULL),
	(6, 73, NULL, NULL),
	(6, 74, NULL, NULL),
	(6, 76, NULL, NULL),
	(6, 77, NULL, NULL),
	(6, 78, NULL, NULL),
	(6, 79, NULL, NULL),
	(6, 80, NULL, NULL),
	(6, 85, NULL, NULL),
	(6, 97, NULL, NULL),
	(6, 98, NULL, NULL),
	(6, 99, NULL, NULL),
	(6, 100, NULL, NULL),
	(6, 101, NULL, NULL),
	(6, 105, NULL, NULL),
	(6, 110, NULL, NULL),
	(6, 116, NULL, NULL);

-- Дамп структуры для таблица project.failed_jobs
DROP TABLE IF EXISTS failed_jobs;
CREATE TABLE IF NOT EXISTS failed_jobs (
  id bigint unsigned NOT NULL AUTO_INCREMENT,
  uuid varchar(255) COLLATE utf8mb4_unicode_ci NOT NULL,
  connection text COLLATE utf8mb4_unicode_ci NOT NULL,
  queue text COLLATE utf8mb4_unicode_ci NOT NULL,
  payload longtext COLLATE utf8mb4_unicode_ci NOT NULL,
  exception longtext COLLATE utf8mb4_unicode_ci NOT NULL,
  failed_at timestamp NOT NULL DEFAULT CURRENT_TIMESTAMP,
  PRIMARY KEY (id),
  UNIQUE KEY failed_jobs_uuid_unique (uuid)
) ENGINE=InnoDB DEFAULT CHARSET=utf8mb4 COLLATE=utf8mb4_unicode_ci;

-- Дамп данных таблицы project.failed_jobs: ~0 rows (приблизительно)
DELETE FROM failed_jobs;

-- Дамп структуры для таблица project.migrations
DROP TABLE IF EXISTS migrations;
CREATE TABLE IF NOT EXISTS migrations (
  id int unsigned NOT NULL AUTO_INCREMENT,
  migration varchar(255) COLLATE utf8mb4_unicode_ci NOT NULL,
  batch int NOT NULL,
  PRIMARY KEY (id)
) ENGINE=InnoDB AUTO_INCREMENT=11 DEFAULT CHARSET=utf8mb4 COLLATE=utf8mb4_unicode_ci;

-- Дамп данных таблицы project.migrations: ~10 rows (приблизительно)
DELETE FROM migrations;
INSERT INTO migrations (id, migration, batch) VALUES
	(1, '2014_10_12_000000_create_users_table', 1),
	(2, '2014_10_12_100000_create_password_resets_table', 1),
	(3, '2019_08_19_000000_create_failed_jobs_table', 1),
	(4, '2019_12_14_000001_create_personal_access_tokens_table', 1),
	(5, '2022_05_21_095053_create_categories_table', 1),
	(6, '2022_05_21_095236_create_authors_table', 1),
	(7, '2022_05_21_095259_create_sources_table', 1),
	(8, '2022_05_21_095330_create_news_table', 1),
	(9, '2022_05_21_095550_create_categories_news_table', 1),
	(10, '2022_05_21_095612_create_authors_news_table', 1);

-- Дамп структуры для таблица project.news
DROP TABLE IF EXISTS news;
CREATE TABLE IF NOT EXISTS news (
  id bigint unsigned NOT NULL AUTO_INCREMENT,
  title varchar(255) COLLATE utf8mb4_unicode_ci NOT NULL,
  annotation text COLLATE utf8mb4_unicode_ci NOT NULL,
  content text COLLATE utf8mb4_unicode_ci NOT NULL,
  image_url varchar(255) COLLATE utf8mb4_unicode_ci DEFAULT NULL,
  source_id bigint unsigned NOT NULL,
  created_at timestamp NULL DEFAULT NULL,
  updated_at timestamp NULL DEFAULT NULL,
  PRIMARY KEY (id),
  KEY news_source_id_foreign (source_id),
  CONSTRAINT news_source_id_foreign FOREIGN KEY (source_id) REFERENCES sources (id) ON DELETE CASCADE
) ENGINE=InnoDB AUTO_INCREMENT=121 DEFAULT CHARSET=utf8mb4 COLLATE=utf8mb4_unicode_ci;

-- Дамп данных таблицы project.news: ~120 rows (приблизительно)
DELETE FROM news;
INSERT INTO news (id, title, annotation, content, image_url, source_id, created_at, updated_at) VALUES
	(1, 'Soluta animi voluptatem doloremque aut voluptatibus qui. Libero quae animi autem. Veniam dolorum qui est consequatur. Voluptates vel nisi consectetur eos repellat.', 'Saepe rerum earum ea deleniti neque vero. Ut porro voluptatem dolor perferendis perferendis ut. Consequatur molestiae ratione exercitationem assumenda repellat a dignissimos. Molestiae consectetur laboriosam nulla nihil beatae ab nisi.', 'Quis dolorum cumque dolorem eius. Vel et placeat ipsum ut quis quaerat. Molestiae laborum quo qui sint a dolorem. Ab quae aut explicabo et voluptatem ad et. Delectus ea voluptas ut et recusandae sed et repudiandae. Veniam nemo earum soluta incidunt. Reiciendis magnam et iste. Ducimus et laboriosam enim laboriosam commodi. Tenetur magnam pariatur fugit sit fugiat quasi ea. Necessitatibus ipsa eius laborum. Quaerat et voluptatem voluptatem non veritatis. Nobis sed molestias delectus aperiam. Et enim iure doloribus. Minima ut nostrum voluptatem voluptatem repellat temporibus placeat. Aut aliquid est assumenda dolores. Aut possimus velit dolorum labore perspiciatis. Voluptatum voluptatum odio deserunt ut quod at. Odit quae dolorem et dolor odio voluptatem. Excepturi vel iusto et non illo. Unde inventore dolorem sit. Id dolorem similique asperiores est est. Molestiae expedita vero dolorem eligendi vitae consectetur nobis. Ratione blanditiis quos soluta sit quas quis.', 'https://via.placeholder.com/640x480.png/0044dd?text=voluptatem', 3, NULL, NULL),
	(2, 'Reiciendis eum inventore nemo quasi vero fugiat. Ducimus voluptatem minima vero necessitatibus eos adipisci.', 'Voluptates pariatur nobis quia itaque error. Consequatur beatae accusantium deleniti dolores nihil id eaque. Fuga nobis enim reprehenderit qui natus aut veniam. Pariatur vero rerum nisi eos odit sed molestias sit. Distinctio ad quo ratione dolores aut quas.', 'Repellendus quia et facilis temporibus. Esse qui est molestiae. Et in omnis dolor. Ab cupiditate ex voluptatem nisi. Enim enim doloremque voluptatem explicabo. Distinctio quia veniam incidunt qui asperiores. Quod vel unde numquam vero et quia. Commodi dolorem enim voluptates maxime ut. Ut neque dolore id sapiente sit. Quia eos corrupti pariatur facere eos commodi. Ut eaque at a eveniet praesentium. Quidem omnis et ullam facere et aut doloremque. A et cum et nihil et cumque. Est perferendis quo magnam ut molestiae quis. Qui blanditiis veniam repudiandae qui. Natus sint quo illum adipisci et provident. Eveniet corporis ut aspernatur eum alias quia. Itaque odio voluptatibus rerum itaque dolorem ut quod alias. Sint aut quis optio ducimus exercitationem ab. Debitis quo excepturi alias voluptates.', 'https://via.placeholder.com/640x480.png/00cc66?text=qui', 1, NULL, NULL),
	(3, 'Maiores aut excepturi magnam eum. Sunt porro consectetur minima officiis ipsum labore id repellat. Pariatur occaecati aut soluta et ipsum rerum et. Doloribus voluptas et cumque voluptate.', 'Neque sunt quis sed ut et nostrum perferendis. Consequuntur iure eos ratione animi reprehenderit dolorum. Id rerum possimus et dolores velit nihil autem placeat. Consectetur amet eum repellat minus. Voluptas odio maxime sed voluptatem nam saepe. Ut repellendus animi est sed aut magni soluta.', 'Libero in molestiae ut sequi. Eaque eum consequatur officia sed ut. Omnis consequatur accusantium consequatur iure voluptatem. Et molestias dolorem ut inventore. Et et ullam qui illum. Ratione et accusantium omnis voluptatem in. Eaque molestiae omnis unde aut sit tenetur. Voluptatem quibusdam aut consequatur aspernatur assumenda illum eum voluptas. Esse nemo dolor ipsum porro id odit et. Nihil soluta corrupti dicta ipsum perferendis. Consequatur eos assumenda quia. Optio facilis odio dolorum. Et ut enim similique quam nulla enim perspiciatis. Libero ipsum non rerum placeat dicta enim. Deleniti qui impedit est officia dolorem. Ratione saepe molestias amet officia voluptate molestiae. Nihil aspernatur est repellat suscipit modi itaque. Blanditiis dignissimos eligendi reiciendis provident recusandae doloremque. Recusandae ut mollitia adipisci. Sit libero id non et. Ullam fuga sint aspernatur.', 'https://via.placeholder.com/640x480.png/00bb66?text=ratione', 7, NULL, NULL),
	(4, 'Recusandae voluptates beatae delectus velit facere. Fuga hic quia cumque voluptatem omnis. Et fuga enim provident rerum. Facere illo ullam dolorem et et. Laborum laudantium quasi illo a ut voluptas consequatur. Provident error id id vitae.', 'Ipsa sapiente provident quibusdam temporibus a voluptatem soluta quidem. Consequatur ad quas aliquam at. Sint sint et voluptas id reiciendis. Laboriosam eius nostrum eos amet. Deserunt aut a mollitia nemo. Nesciunt quia nobis ut alias eius sit qui. Expedita magni pariatur atque esse aliquid eos. Quaerat sit temporibus optio odit.', 'Ipsum omnis qui architecto. Dolorem voluptates et animi nihil inventore temporibus. Mollitia qui sapiente nulla qui velit. Autem velit qui saepe consequatur provident eligendi. Quia sint maiores non. Eveniet sit quaerat et voluptatem provident dolorem odit beatae. Magnam ullam quisquam repellendus sequi. Et voluptatem doloribus explicabo. Placeat recusandae at et voluptas. A tenetur et sit. Magni dolorem architecto quibusdam. Quo ut et perspiciatis sapiente eos unde maiores. Iste ullam repellendus necessitatibus necessitatibus. Nobis possimus delectus dolores quis. Velit laborum iusto sit occaecati cum illum aperiam. Quod qui facere reprehenderit voluptates excepturi. Impedit ea voluptatem quaerat doloribus eos vel. Et dolor optio voluptate sed assumenda nemo. Alias modi nostrum fuga consequatur. Vel ab qui sed quibusdam.', 'https://via.placeholder.com/640x480.png/0011aa?text=beatae', 3, NULL, NULL),
	(5, 'Repudiandae rerum quaerat saepe autem laudantium qui sit. Consequatur quo sit maxime non voluptatem. Ipsa suscipit provident repudiandae fugit aut explicabo libero. Sed ducimus minus quas officiis.', 'Porro non consequuntur eum provident cumque. Qui voluptatem esse quidem debitis eaque velit qui dolor. Quia est tempore ratione commodi ut molestias. Et id reprehenderit quia dolor. Asperiores omnis sint sed magnam. Velit iusto quis totam animi labore voluptates amet. Voluptatem fuga sunt sed. Ipsa ea adipisci ratione enim. Voluptatem omnis repellat deleniti sit minus minus harum.', 'Assumenda omnis consequatur aut nihil occaecati culpa modi. Corrupti quo quidem nulla sed ratione. Optio eius ut sequi fugiat veniam est sunt. Qui temporibus nostrum sint quis omnis. Reprehenderit fugiat totam nihil. Laborum magni quas qui itaque. Earum quasi ut dolorum officiis ratione nam. Architecto maiores nihil inventore repellat ut id et. Et explicabo qui qui et corrupti nobis non. Ut molestias et iste. Ad et distinctio id id asperiores neque harum. Unde sequi qui odio adipisci quas. Necessitatibus est fugit quae et est rem minus. Veniam modi officia dolor ut molestiae saepe labore aspernatur. Illum iste eaque quidem distinctio ratione aut ducimus. Sed commodi est commodi enim qui. Maiores incidunt omnis facilis. Iure neque iure error aut minima dolores itaque nesciunt. Voluptates aspernatur maxime delectus esse nam nisi. Voluptatem quas maxime et aut odio temporibus sit.', 'https://via.placeholder.com/640x480.png/00eecc?text=in', 6, NULL, NULL),
	(6, 'Blanditiis accusamus aspernatur deserunt veritatis harum consectetur voluptatem. Nisi est voluptas tenetur. Sunt est qui est qui. Odit nobis dicta odio eos.', 'Qui facere distinctio nemo vitae. Provident consequatur est omnis cupiditate est. Cum ratione pariatur beatae aut nulla. Maxime et et ea vero necessitatibus atque mollitia. Maxime laboriosam atque doloribus vel. Quis aut ea beatae illum ut quas ipsum accusantium. Velit quia in vitae quaerat saepe quidem. Veniam alias facere similique aut consequuntur ut.', 'Praesentium facilis mollitia animi nulla sapiente voluptas. Laudantium nemo qui id magnam laboriosam distinctio soluta. Libero dolores ut minus perspiciatis. Accusamus fuga sunt voluptatem ut non. Non tempore accusantium laboriosam explicabo impedit. Minus molestiae inventore temporibus velit debitis. Laborum ratione est et totam sit. Cupiditate molestiae hic nobis dolorem. Itaque ad excepturi quo id optio molestiae. Quia velit voluptas tempore. Quia molestias quia perspiciatis ut quaerat nesciunt aut. Esse necessitatibus rerum quia neque. Facere aliquam quo veritatis officia. Temporibus fugiat consectetur cumque molestiae et. Illo asperiores dolorem quas est minima officiis. Quae aspernatur facilis sit cupiditate dicta. Saepe vel laudantium nisi omnis. Explicabo ut quia suscipit eveniet eveniet cum qui. Minima eos maxime qui debitis. Ducimus numquam doloremque ea non quisquam sequi. Placeat quisquam nam facere aut.', 'https://via.placeholder.com/640x480.png/0022ff?text=ut', 2, NULL, NULL),
	(7, 'Quod mollitia cupiditate facilis praesentium. Perferendis soluta est in nihil doloribus commodi assumenda. Rerum nemo quas quisquam qui est consequuntur ad. Molestias est at voluptatem repudiandae.', 'Et labore molestiae cupiditate eligendi. Dolor laudantium ipsa id. Facilis eaque minus dolores sint vitae aliquid. Velit ab atque eveniet aut. Veniam recusandae dignissimos fugit quia exercitationem omnis. Ut esse dolor tenetur quaerat mollitia voluptas perspiciatis id.', 'Aperiam adipisci maiores nemo iure sequi sed rerum. Est quia velit provident enim at ut nihil. Dolores recusandae voluptas odio distinctio. Et dolorum suscipit est eligendi similique aperiam porro. Vero sunt et dolorem optio qui et nobis. Facilis voluptatem ut mollitia magnam. Eum sed omnis laudantium sit incidunt dolor. Aut quam asperiores quia cum voluptatum consequuntur enim inventore. Cum id odio qui odit praesentium rerum quia. Cupiditate quod ipsum voluptate dolores et sequi sapiente. Vel labore laboriosam et rerum dicta molestias. Non eveniet exercitationem hic assumenda iste quasi. Et ut atque provident ducimus. Nam voluptatem ab assumenda et provident. Sunt culpa enim harum adipisci occaecati repudiandae. Aut est itaque ratione dolore quisquam. Repellendus et sit atque rem. Consequatur deserunt quasi et alias non. Dignissimos maiores non aut officiis tempore ea modi.', 'https://via.placeholder.com/640x480.png/00bb33?text=quaerat', 5, NULL, NULL),
	(8, 'Et vel eligendi recusandae qui minus. Quis accusantium quis enim iusto. Et delectus in dignissimos enim vel. Fugiat ea quo qui labore cupiditate.', 'Recusandae similique nemo assumenda sit. Nesciunt voluptas ab enim nobis vitae quia consequuntur. Totam molestias dolores perferendis expedita fugiat blanditiis. Ea cumque aut debitis rem blanditiis laboriosam. Velit sed aut architecto dolorem cum. Rerum aut corporis qui facilis ipsam.', 'Perferendis dicta beatae officiis eos. Iste numquam explicabo rerum veniam fugit magni. Est sit doloremque quos earum suscipit culpa perspiciatis. Minus perspiciatis nobis aliquam. Totam molestias eum sed illo animi dolore. Adipisci distinctio quia fugiat voluptatem consequatur accusamus. Earum praesentium sed praesentium nobis vero aut. Sit aliquam excepturi sit est ratione. Voluptatem debitis aliquam soluta sapiente officia sed quaerat. Veritatis pariatur optio optio quaerat quidem eos. Qui voluptate officiis itaque. Minima labore molestias totam earum et. Minus optio totam dolorem aut. Doloremque sapiente at in optio. Distinctio officiis laudantium repellendus aut voluptate quasi id. Illo voluptatem saepe eaque. Earum sunt ut assumenda similique illo. Praesentium sed laboriosam est deserunt. Ex placeat quia et adipisci dolorem. Molestias cupiditate a dicta tempora est voluptas amet sed. Accusantium odit eveniet perferendis autem.', 'https://via.placeholder.com/640x480.png/00ffdd?text=nam', 6, NULL, NULL),
	(9, 'Ut adipisci aut nam similique aliquam. Vero earum at omnis nemo molestiae rerum voluptatem. Consequatur qui possimus facere ipsum occaecati sit. Aut alias error incidunt reprehenderit voluptatem soluta ut. Soluta aut tenetur hic culpa.', 'Rem occaecati qui omnis. Reiciendis et in magni enim laboriosam cum incidunt. Consequatur expedita facere eos ab impedit tenetur. Quia voluptas sed tempora est deserunt aliquid.', 'Dolores eligendi dolores odio quod. Natus perferendis est aspernatur similique aut facilis molestiae. Ut aut aut eius veniam sunt. Id facilis aut et amet. Ducimus dignissimos omnis placeat et sit sequi sunt. Laboriosam qui et eum ut. Accusamus quia quibusdam velit consectetur impedit totam. Modi delectus sit doloribus veniam est omnis dolorem expedita. Dolores repellendus assumenda odio eveniet. Dolorum sit repellat quae dolores id temporibus quo. Quae omnis minima velit. Veritatis inventore qui quia et et quia alias velit. Quia qui eum ut quis voluptatem doloribus repudiandae adipisci. Suscipit dignissimos velit cumque ipsam. Nihil provident harum sint tempora quas est in nam. Est minima accusantium architecto sed molestias quia cumque. Officiis consectetur dolores sunt odio repudiandae iste voluptatem. Perspiciatis culpa sunt tenetur quasi. Sapiente neque et totam non perferendis et. Harum consectetur aut voluptatem quaerat. Quam et fugit iste quod consequuntur.', 'https://via.placeholder.com/640x480.png/009911?text=et', 10, NULL, NULL),
	(10, 'Sunt aut dolor voluptas enim voluptas quod. Voluptas eum eius et ipsam. Eligendi dolorum est culpa eligendi sit.', 'Et non sit autem eos ab aut ea eum. Vel ad ullam amet nihil at. Omnis dicta qui unde et aliquid aut. Nam aut ipsa distinctio cum repellat. Dolorem similique maiores qui suscipit distinctio. Similique adipisci non et corporis. Sint dignissimos ut corporis neque itaque nulla. Sed repudiandae quos autem delectus ipsa nesciunt earum.', 'Eos tempore cum et commodi in. Dolor odit eveniet et voluptatem. Exercitationem vero ipsum aut culpa et distinctio sapiente. Nesciunt in debitis quia labore facere ut. Explicabo rerum aperiam pariatur et. Necessitatibus impedit eos id sed quo. Molestiae dolorem molestias esse et sequi. Quae tempora ea consectetur eos id et. Eveniet possimus harum esse quas quidem quod. Tempore fuga ad dolorum voluptatem. Tempora ab qui quia est quia labore. Officia culpa aut harum corporis eos ipsa quis. Nobis nostrum minima commodi qui aperiam. Autem ea explicabo ab. Porro beatae iusto enim voluptatem optio labore temporibus. Aliquam omnis quas ea laborum enim ipsam corporis. Quis ea modi molestias quaerat ea accusamus totam. Quam repellat aliquid repellendus neque dolorum soluta. Quod veritatis ut consequuntur porro ut eaque consequatur. Autem nihil eius molestiae eos sed. Modi autem nihil unde atque id quaerat dolorem.', 'https://via.placeholder.com/640x480.png/0066aa?text=maxime', 6, NULL, NULL),
	(11, 'Non sunt ut mollitia. Quia repellat eveniet sit. Adipisci vel aut maxime ut aspernatur.', 'Pariatur quibusdam possimus ut. Totam architecto est culpa est voluptas facere. Dolores corporis dolores et quas. Consequatur beatae quas similique molestiae voluptates et. Soluta alias et quos quia aut deleniti. Autem ipsum non esse praesentium consequatur ipsam voluptatem aut. Aspernatur itaque deserunt harum molestias est quidem.', 'Deserunt repellat accusantium reprehenderit. Dolor temporibus atque dolor quo illo. Ducimus quos necessitatibus adipisci. Voluptatibus non sed esse aut quo error. Vel in quia dolorem expedita. Et dolor non quos expedita alias. Facilis recusandae tempora provident itaque soluta ex eum excepturi. Praesentium ipsam et et sint. Repellendus natus incidunt magni facilis. Repellat eius eos odit magnam tempora alias labore. Laborum rerum eius quo magnam corporis voluptas dolorem explicabo. Dolores maxime quis cumque nihil consequuntur. Ea fugiat quae quae expedita aut culpa veritatis. Amet pariatur quia sit et. Fugit voluptatem consectetur accusamus vero quasi non nisi. Est aut rerum cum praesentium aut autem. Consectetur omnis architecto ut et repellat est culpa. Id qui fuga ipsa. Molestiae molestiae aut labore magnam nesciunt minus repellat eos.', 'https://via.placeholder.com/640x480.png/00ee00?text=molestiae', 10, NULL, NULL),
	(12, 'Eius veritatis quod praesentium et. Sit ratione impedit et dolorem dignissimos. Suscipit laudantium ab et et id. Laborum quas ut molestias maiores consequatur.', 'Vitae autem quia animi. Enim temporibus et et est. Suscipit facilis necessitatibus similique itaque. Sed laboriosam pariatur nobis voluptatum ut molestias. Enim incidunt quia dolores ipsa officia iure corrupti nam. Repudiandae dolor ex ea sequi ut inventore quo rerum. Ut qui aut consectetur omnis nam fugiat praesentium quae. Ipsum adipisci quis veniam sit.', 'Omnis quo consequatur molestiae et facilis exercitationem unde. Perspiciatis repellendus repellat ducimus et id qui praesentium nesciunt. Totam rerum unde ea unde. Consequuntur optio molestiae ad. Nam a atque accusamus sequi accusantium dolor voluptatem. Inventore accusantium vel nobis officia. Dicta labore et est eligendi doloremque ut. Et consequuntur qui sed hic. Deleniti recusandae eveniet at et fugiat. Omnis repudiandae est accusamus dolorum quae quam. Perferendis sequi placeat libero non enim illum et. Velit voluptatem consequatur aut magni sed minus asperiores. Rerum quis incidunt quo eos. Voluptatem earum modi recusandae illo vel ducimus porro earum. Rem autem hic explicabo illum exercitationem rerum libero quis. Totam neque et assumenda dolores sint voluptatum. Nam totam explicabo vel. Dignissimos vel voluptatibus voluptatem nihil rerum magnam quisquam.', 'https://via.placeholder.com/640x480.png/002277?text=nulla', 4, NULL, NULL),
	(13, 'Voluptatum adipisci omnis rem inventore unde dolorum. Libero neque hic voluptatum quia nostrum aut. Est sit iste fuga facilis. Doloribus iure consequatur et voluptas soluta. Reprehenderit sit rerum aut ipsum et porro.', 'Cum molestias dolorem aliquam quia. Blanditiis quia ut quaerat est quo consequatur sed. Saepe est facilis autem blanditiis assumenda. Quibusdam similique exercitationem omnis animi fugit. Quia corrupti expedita saepe rerum delectus unde. Perspiciatis cumque odit commodi quia quia quos debitis. Inventore consequatur excepturi inventore voluptatibus voluptatem aut. Omnis esse sunt unde.', 'Sapiente quibusdam non delectus ut similique. Consequuntur sed atque et et quaerat iusto. Et amet velit distinctio sequi et aut. Voluptas itaque modi quia perspiciatis soluta eius. Et id dolores tenetur delectus. Sit maxime molestias voluptatem unde. In est odio omnis voluptas doloribus fugiat. Consequatur iusto ex earum sunt in. Consectetur omnis libero eligendi consequatur. Ullam omnis ut earum at occaecati alias. Et quae aperiam iste consequatur facilis voluptatibus possimus. Quisquam consectetur nostrum quis asperiores sapiente sint. Necessitatibus atque temporibus officiis sed dolorum eveniet ratione. Rerum beatae rem explicabo vel cum impedit. Reiciendis maxime eos rerum et et id facere. Non consequatur eos enim. Mollitia accusantium labore voluptatem quia velit. Est voluptate aut id. Qui voluptatem inventore tempora excepturi. Minus corrupti sequi suscipit aut unde vel et. Eos sint dolores assumenda.', 'https://via.placeholder.com/640x480.png/00ddaa?text=nihil', 8, NULL, NULL),
	(14, 'Eos dolor sit deserunt ipsum ea nisi. Exercitationem iure blanditiis qui qui quia. Architecto voluptatibus velit alias pariatur voluptate doloremque deserunt esse. Quam ullam voluptatum aspernatur ut necessitatibus quaerat quia.', 'Illo autem maxime eligendi dolorum dignissimos assumenda. Doloribus perferendis dolores delectus sed. Ipsam soluta non expedita laborum quisquam unde aperiam. Est nesciunt a maxime sunt non dolorum repellat ut. Facere blanditiis omnis maiores facere. Laboriosam error esse ut.', 'Praesentium dolor nemo quia excepturi voluptatem dignissimos. Sed qui error et repudiandae sed. Molestias officia vel mollitia consequuntur. Ipsum impedit ea non molestiae dolorum voluptatibus. Suscipit ea non neque dolorem maiores. Ab molestiae sed nobis aut. Minima dolorem id est nesciunt totam. Quas omnis autem voluptates doloremque tempora. Accusantium quibusdam non deleniti culpa. Quo nihil aut et eveniet sed perferendis dolores eos. Ut ab ullam expedita totam libero consequatur omnis. Ut eos error quis a quod laborum asperiores. Molestias doloribus iure repellat quia natus ipsam et. Sit omnis praesentium neque libero voluptas aut ipsam. Vel pariatur quia ea fuga id. Aut vel dolor dolore temporibus asperiores. Recusandae qui impedit nobis est et. Possimus cupiditate hic corporis quia est similique eaque tempora.', 'https://via.placeholder.com/640x480.png/005522?text=ipsum', 8, NULL, NULL),
	(15, 'Molestiae nesciunt quos est quam veritatis. Sed voluptates qui dolorem sit earum voluptas voluptatem. Doloribus repellat non rem ut officiis odio. Quasi aliquam vero autem quisquam ratione.', 'Sint dolorum adipisci laborum ad quod. Aut beatae et et unde quod voluptas. Temporibus provident aliquam aut quidem deleniti sunt. Necessitatibus necessitatibus voluptates aut consectetur quae nesciunt enim. Perferendis aut est est corrupti tenetur quae accusantium. Esse blanditiis explicabo assumenda qui. Exercitationem ut officiis labore id inventore a dolorem ad.', 'In aliquid rerum cumque ab minima voluptate. Dolores minima qui odit iure quae est. Aut aut aut ea eum aut dolores quae sit. Qui aliquam iure assumenda praesentium. Aperiam incidunt iusto et distinctio maiores totam vitae aut. Fugit non numquam et voluptas. Perspiciatis harum accusantium sed commodi ex tempore. Magnam nulla qui officia fuga porro. Ut facere dicta et numquam quo deserunt. Tempora enim delectus cumque quis. Natus aut est ipsa et ut reprehenderit. Explicabo incidunt aliquam est ipsam doloremque mollitia. Expedita voluptatem debitis consequatur. Eos voluptates excepturi voluptate quia sunt. Voluptas dolorem est sequi veniam commodi et ut. Quibusdam possimus quo magnam eaque rerum. Quis reprehenderit quae alias quis dolorem sunt omnis voluptas.', 'https://via.placeholder.com/640x480.png/006633?text=quisquam', 4, NULL, NULL),
	(16, 'Dolores inventore nihil eligendi modi sed suscipit. Illum animi nemo numquam corporis. Soluta consectetur deleniti id eos.', 'Quas vitae provident quasi id. Dicta quia quam id. Alias ullam dicta ut illo quis libero numquam. Dolores quam deleniti ad occaecati delectus. Maiores iure voluptatem repudiandae quasi autem. Ut consequatur quis dignissimos quae aliquam laborum. Quis sed incidunt saepe porro. Est ipsam natus a nulla recusandae explicabo quaerat ut. Neque quae cum non voluptas.', 'Repellendus ipsum deserunt odio porro qui assumenda. Nam labore nihil aut fugit magnam. Sed aliquid autem omnis quos officia. Est mollitia voluptatem qui cupiditate blanditiis. Maxime quibusdam consequatur quia provident autem reprehenderit. Inventore voluptatem dolor aut dicta. Cum id sunt porro fuga autem harum modi. Aliquam quis ut et quo voluptatem est nulla. Doloremque asperiores ut distinctio nobis. Omnis saepe dolorem tempora dignissimos architecto corrupti harum. Quibusdam praesentium aliquid quos quo. Tenetur quae sint consequatur praesentium voluptate dolorem. Ex incidunt accusamus aperiam officiis perspiciatis suscipit dolore. Enim adipisci qui quae libero alias odit est. Animi et quisquam possimus quia voluptatum. Minima accusamus nisi quisquam dolorum consequatur. Esse commodi repudiandae delectus accusantium. Non quia saepe voluptas eos ut. Rerum eveniet quia et omnis. Qui dolore aut iste maiores a omnis.', 'https://via.placeholder.com/640x480.png/001100?text=doloremque', 1, NULL, NULL),
	(17, 'Optio tenetur voluptas ipsa id. Aspernatur alias aut est suscipit temporibus. Consequuntur autem praesentium maiores et et.', 'Cumque tenetur vitae culpa sed. Quo ducimus illum commodi deserunt sint quae laborum. Explicabo ea voluptatem deserunt error. Ducimus voluptas iste minima recusandae. Et sed et corporis veniam omnis fugit. Illo vel vel vel est aut qui. Cupiditate iusto vel ipsam beatae. Error numquam ullam ipsum autem.', 'Cumque et rerum quia architecto autem quo. Reprehenderit voluptas nobis hic voluptas blanditiis quia. Amet consequatur quidem veniam quia. Voluptates et soluta a laboriosam aut. Libero aut dolores aliquam optio quisquam maiores. Fuga nostrum doloribus facere nobis qui. Aut in earum qui non. Aut ut illo ipsam. Id odio ab nam sequi itaque. Voluptatibus deleniti illum aut iusto ut modi. Molestiae occaecati fuga aut sed in dignissimos doloribus sit. Ratione dolor dolorum qui vero id qui similique. Similique dignissimos qui ducimus non aliquam. Atque placeat aliquam magnam blanditiis in. Qui voluptatibus unde excepturi ut. Itaque odio libero aspernatur voluptatem quibusdam reprehenderit omnis. Voluptatem quia numquam non odit aut blanditiis deleniti porro. Ipsa ipsa et laboriosam consequatur. Inventore modi nihil animi maiores earum fuga officiis eos. Ducimus voluptate facilis iste et sapiente qui dolores doloremque. Totam quia est cupiditate. Aut quae omnis nostrum nostrum.', 'https://via.placeholder.com/640x480.png/0099dd?text=et', 6, NULL, NULL),
	(18, 'Quaerat rerum optio voluptates sint quam aut qui. Unde dignissimos sed sunt culpa est non adipisci. Aperiam beatae voluptatem ipsa sed est aut. Ea laudantium nihil amet voluptatem non. Nihil autem nobis iusto.', 'Et libero dicta quo quaerat beatae consequatur autem. Ut ipsam laudantium at temporibus quam nihil. Eius veritatis tempora corporis architecto. Commodi dolorum quos quis praesentium sunt. Incidunt eum ratione accusamus delectus magni ex magnam. Omnis voluptas expedita qui optio veritatis corporis dolore. Sed culpa veritatis excepturi delectus.', 'Dolorum ea labore accusantium deleniti temporibus culpa quas facere. Et voluptatem ducimus consequatur. Nihil vitae adipisci quibusdam. Repellat architecto aut possimus nesciunt. Ipsa beatae aperiam quaerat quis odit. Cum et reprehenderit velit dolorum itaque sit dicta. Praesentium vitae id et. Fugiat possimus iste omnis explicabo. Ipsa possimus eum tempore iure. Necessitatibus numquam qui debitis animi. Est est neque ad unde sunt. Eius voluptatum aut voluptate quod. Quo assumenda hic maiores voluptatibus sapiente totam laborum labore. Possimus soluta doloribus totam nemo ea itaque. Vero aut ratione in id veritatis. Totam repellendus autem qui unde quia enim sapiente. Rem minima velit at ea. At dolorum odio molestias facere cupiditate ut. Eligendi magnam et rerum dignissimos dolorem et. Eveniet aspernatur eius est vel debitis. Eum dolor nihil animi.', 'https://via.placeholder.com/640x480.png/00cc00?text=ad', 8, NULL, NULL),
	(19, 'Accusantium error iusto libero quia hic quod odio non. Exercitationem aut dolorum illum natus odio est. Ipsum atque nesciunt a et qui repudiandae et.', 'Quia suscipit enim labore rem ipsum debitis. Quam ut culpa aut fugiat mollitia deserunt odit. Quibusdam occaecati earum rerum consectetur. Molestiae voluptas omnis dolores ea est. Est libero tenetur et assumenda totam et accusamus commodi. Vel at aperiam id facere delectus quo. Et temporibus ipsa culpa odit recusandae et. Molestiae fugit perspiciatis qui sunt dolor voluptatem facilis.', 'Blanditiis corporis dignissimos veniam eveniet. Consequatur quis ratione rerum expedita. Placeat repudiandae iure facere ipsum quas vel. Autem animi sunt at hic rerum. Et voluptatem ratione dolor aut qui ad. Qui et aut quia rem aperiam dolores. Rem eos cumque fugiat. Vel enim impedit ut cumque eum quis consectetur. Alias culpa ipsa excepturi. Provident non cum vel nulla. Dignissimos ex quia ut amet sit quo voluptatem quis. Quia non cupiditate odio voluptatem non ex officiis qui. Ipsa ut quo ullam explicabo consectetur quia iusto. Vitae quae saepe quaerat blanditiis delectus harum sed. Consequatur ratione aut voluptatem magnam. Beatae sunt id veritatis. Blanditiis inventore quo aliquid adipisci a. Cum temporibus fugit eius. Minima libero blanditiis dolor enim esse labore dicta. Ratione autem est odio recusandae aut. Eligendi voluptatem et aut aut eius minima. Occaecati sed ut placeat aut est beatae. Est doloribus rem voluptates alias magni.', 'https://via.placeholder.com/640x480.png/00ffcc?text=omnis', 1, NULL, NULL),
	(20, 'Sed quis possimus labore eum eligendi. Nulla dolorem enim libero fuga soluta architecto ut. Excepturi doloribus perferendis harum sit iure.', 'Omnis repellat quo ut voluptatem aut doloremque. Id saepe voluptas recusandae. Enim sit assumenda sunt in consequatur dolorum. Aspernatur sed explicabo earum quos. Rerum voluptatem delectus accusantium dolorem qui. Et eum aut esse velit quam ipsa harum vero. Quam voluptas repellendus maxime aliquid sequi expedita.', 'Ullam a nulla et ut. Cum eum voluptatum quia eos architecto et omnis. Nostrum eos voluptate itaque. Laudantium deserunt alias ipsam ut. Non corporis eos explicabo esse est officiis. Voluptates quia commodi nam quam enim hic facilis. Iusto et voluptas eos voluptatum blanditiis rerum enim. Accusamus provident nihil illum aperiam beatae mollitia delectus quidem. Atque asperiores error atque quo quaerat rem commodi nam. Voluptatem sit velit praesentium maxime in quo id itaque. Quia harum voluptas repudiandae id. Vel quo libero unde. Laudantium in rem fugit et ducimus. Adipisci nobis eveniet nemo illo aut voluptatem. Iure voluptatibus tenetur modi tempore est ut. Aut alias soluta harum consequatur aut non veritatis praesentium. Voluptate quia rerum error minus. Quia ad quas expedita quasi. Tenetur omnis dolorum qui non fugiat maxime hic occaecati. Temporibus veritatis sed inventore excepturi quo non sit.', 'https://via.placeholder.com/640x480.png/006655?text=quia', 6, NULL, NULL),
	(21, 'Aperiam sapiente laboriosam explicabo impedit doloribus facilis eveniet. Veniam amet ea ducimus dolorum qui. Qui voluptatem asperiores culpa recusandae reiciendis molestias.', 'Non suscipit repudiandae necessitatibus veniam aperiam et. Et nesciunt laudantium non magnam. Odio id vitae nihil. Animi similique pariatur aut tempore quidem aspernatur placeat voluptate. Molestias expedita minima neque sint. Id eius quia et eos. Ex aut aut molestiae dolores dolores nobis.', 'Ut maiores at nihil enim rerum omnis. Cum laboriosam maiores iste esse et dolor. Quae et voluptatum fugit tempore. Atque velit perspiciatis et culpa odit quam. Veniam omnis odit quia rerum cumque ea. Cum debitis eos perferendis ea architecto mollitia fugiat. Consequatur ut quibusdam illum assumenda ut. Aspernatur quidem assumenda sit quibusdam. Perferendis praesentium est ut ut omnis sint accusamus. Qui dolor aliquam praesentium voluptas. Et quae officiis nihil quas cupiditate. Totam non sit quam necessitatibus porro reprehenderit. Inventore rerum fuga velit excepturi. Exercitationem nemo similique doloremque enim animi architecto. Maxime facilis et nihil mollitia. Facere est error hic ullam corporis. Molestias illum reiciendis qui reiciendis nisi. Voluptatem velit iusto qui tenetur.', 'https://via.placeholder.com/640x480.png/00ffdd?text=qui', 4, NULL, NULL),
	(22, 'Enim aut dignissimos rerum reprehenderit ut voluptate nam deleniti. Aut quaerat fugiat voluptas est repellendus quae. Sit sunt ratione tempora blanditiis error rerum. Quia neque est et id rerum ut eaque.', 'Sequi sapiente voluptatem culpa et perferendis consectetur itaque id. Ea pariatur ea ex sint unde accusamus. Voluptatem dicta qui assumenda facilis animi. Magni eum sit deleniti.', 'Laborum est sed rerum aut a. Quod dignissimos ducimus ipsa dolorem sit voluptas. Excepturi et molestiae nihil delectus ut dignissimos illo facilis. Ullam molestias maiores dolores possimus. Et deserunt eum alias. Nesciunt at voluptas repudiandae ab voluptatibus totam maiores. Ut porro omnis deleniti magnam iusto. Aliquam tempora ullam voluptate culpa temporibus quo. Voluptatem nostrum quia voluptatum omnis quasi iste voluptatum. Nostrum qui delectus totam veritatis velit nostrum labore. Facere dolores magni rerum enim voluptas. Beatae officia illo sed illo. Sit quod dolor facilis expedita est quisquam. Cum ea sunt placeat et deserunt eligendi eum voluptatem. Necessitatibus ut aut hic. Quibusdam doloremque ut non aliquam sed. Vel sed corporis blanditiis quia quidem. Aut voluptate doloremque quis vero debitis aut. Laboriosam non et ipsam dolore sunt sunt. Qui ut sed nisi nobis perferendis. Voluptatem nesciunt mollitia excepturi et et nihil.', 'https://via.placeholder.com/640x480.png/0066cc?text=accusantium', 2, NULL, NULL),
	(23, 'Eius cupiditate asperiores ut voluptas. Alias iusto possimus ut facere aut. Alias corrupti voluptatem commodi veniam corrupti magnam cum totam.', 'Voluptates sed et ex voluptatum non et. Doloribus fuga facere voluptates quia ipsum. Fugiat qui nisi voluptate non omnis non ut. Non vitae aperiam repellat pariatur nemo. Ut qui inventore maxime corporis possimus. Nostrum incidunt molestiae enim fuga hic. Ipsa sapiente quia voluptas ad voluptas soluta ducimus velit.', 'Necessitatibus et rem illo aut. Asperiores eaque et sit. Esse occaecati eos et dolorem cumque sit. Itaque dolor deserunt quas autem deleniti deserunt accusamus. Laborum rerum voluptatem doloribus et maxime. Eos adipisci unde temporibus perferendis vel. Eveniet natus et hic et quod magni. Incidunt et non dignissimos debitis veniam saepe similique. Atque et enim iure voluptate aliquid rerum accusantium saepe. Quos totam reprehenderit sed nam. Vitae et aut eaque voluptatibus. Qui nobis laboriosam velit incidunt voluptatem. Corrupti qui sed sapiente nesciunt qui cumque. Quia maiores odit facilis veritatis qui natus. Eius perspiciatis veniam aut. Et voluptas illum doloremque laboriosam suscipit accusamus. Officia cum sed aut commodi aliquid. Omnis at quia omnis error in dolores ullam error. Alias qui accusamus rerum sint quis quos accusamus qui. Aut et adipisci ab vero rerum culpa. Illo reiciendis quia corrupti velit eius. Iste minus neque modi officia cum ut ut.', 'https://via.placeholder.com/640x480.png/0055bb?text=veniam', 9, NULL, NULL),
	(24, 'Fugit rerum harum aliquid eveniet. Architecto veniam ut et tenetur qui architecto perferendis. Ipsam dolores eos esse doloremque inventore animi recusandae.', 'Vel vero et nobis ducimus voluptatem. Incidunt quia dolor nostrum quo. Aut fuga cumque nam omnis in explicabo dolor. Illo eius quo neque sit soluta expedita consectetur unde. Et incidunt est eius vel. Aut alias quos vel nobis quod. Maxime omnis repellat ut ut voluptatem. Et architecto nisi numquam et iste.', 'Deserunt quae repellat et non. Placeat et sed sunt omnis voluptatum neque. Fuga qui neque corrupti eum non laborum aut. Nemo voluptatum optio maxime atque eum non. Vero adipisci ea debitis. Minus facilis asperiores nesciunt eum rerum. Distinctio sint inventore enim laborum in cupiditate qui. Rerum blanditiis ut similique at. Dolor repudiandae corporis debitis aut a reiciendis tenetur labore. Laborum dolore et quaerat quis. Non odio reiciendis sapiente accusamus occaecati. In molestiae eum molestiae temporibus dolores fuga. Et commodi ad expedita quisquam. Modi tenetur dicta modi nisi aliquam libero ut ullam. Omnis atque aut adipisci. Qui veritatis sequi id totam autem temporibus. Optio qui et totam facilis impedit. Illo voluptatem voluptatem nesciunt. Voluptatem dolore dicta voluptatum dolor expedita.', 'https://via.placeholder.com/640x480.png/004400?text=dicta', 3, NULL, NULL),
	(25, 'Et voluptas blanditiis omnis et nesciunt magni qui. Iste laudantium magni enim non. Aliquam vel explicabo quisquam sapiente. Cupiditate quis nihil rerum provident quis officia deleniti mollitia.', 'Nulla aut id qui est. Modi sunt omnis non repellat ratione aspernatur. Non aperiam aut cum magnam porro dolorum perspiciatis. Explicabo dolore expedita aliquid qui. Fugit ratione velit id incidunt hic. Eius et laboriosam quia ea explicabo repellendus. Distinctio consequatur excepturi voluptatem reiciendis aut et consequatur.', 'Hic voluptatem quis repellat sit provident vel sit. Quaerat est alias dolore. Omnis est autem rerum nisi est ut excepturi. Rerum enim nam numquam quisquam reiciendis. Et accusantium quia esse cum necessitatibus rerum. Explicabo ab suscipit eius aliquid consequatur natus. Quo odio reiciendis minus architecto veniam consequuntur. Ut dignissimos sit odit quas sit facilis sed. Eius temporibus ab porro officiis maxime laudantium. Sit atque aut optio non. Hic qui neque dolorem fuga consequuntur nihil. Aliquid vel a non consequatur autem qui a. Fugit dolore repellat esse saepe. Et et fugit in aut. Magni fugit eveniet et laborum doloremque accusantium. Reiciendis totam nulla reiciendis laudantium consequatur cupiditate. Ipsa enim cumque eveniet temporibus nostrum. Consequatur quos enim quasi magnam. Dolores et rem unde voluptatibus adipisci. Aut et veniam et et architecto aliquid.', 'https://via.placeholder.com/640x480.png/00cc00?text=praesentium', 3, NULL, NULL),
	(26, 'Recusandae modi velit est tenetur pariatur. Laboriosam quo fuga numquam qui. Officia iusto quia fugiat officia. Quae excepturi labore quam et corporis.', 'Quas dolores qui aliquid error minus. Dolore vel iusto vel modi amet. Aperiam itaque aut dicta libero alias occaecati. Saepe voluptas explicabo animi maxime voluptas libero ipsam amet. Laudantium aut tempore perspiciatis quas tenetur ut est. Sed fugiat accusamus laudantium nisi laborum vero. Eveniet vero temporibus voluptatibus. Ab ut necessitatibus itaque quas veniam.', 'Iure in dicta aliquid voluptatem. Fugiat tempore autem quo fugiat veritatis aut. Sit et corporis velit nemo qui. Nesciunt qui placeat inventore. Voluptas rerum quos a voluptatem aut natus. Alias voluptatem voluptatem est quia. Rerum error hic assumenda quas eum et iste. Corporis libero architecto laudantium vero ratione ducimus dolorum. Voluptatem accusamus rerum eum quia nostrum. Atque dignissimos omnis adipisci voluptas esse. Maiores assumenda ducimus et autem ea sapiente. Debitis pariatur ipsa et eaque. Voluptate officia voluptatibus assumenda aut et. Accusamus et placeat deleniti in rerum perspiciatis voluptatem. Ipsam expedita dolorem molestias est accusamus molestias. Ab consequuntur qui officia eius. Deserunt beatae quo qui autem molestiae architecto nihil. Laborum excepturi asperiores mollitia repellendus. Voluptatem voluptatibus omnis qui atque. Modi commodi ab omnis.', 'https://via.placeholder.com/640x480.png/00ee99?text=eius', 2, NULL, NULL),
	(27, 'Incidunt blanditiis nihil exercitationem aut veniam et et. Qui praesentium doloribus enim dolores quia. Quis autem et aperiam ea corrupti. Qui nihil maxime accusantium. Recusandae ut expedita nobis esse quia labore itaque.', 'Temporibus provident quos pariatur quibusdam perferendis est. Non est facilis dicta ut consequatur adipisci maxime. Autem rerum accusantium iure recusandae. Tempora molestiae omnis eveniet odio ut architecto aspernatur architecto. Voluptas facilis libero ipsam. Velit et dolores impedit doloremque adipisci rem autem. Sunt sit voluptatem provident est suscipit voluptate dolorem.', 'Mollitia hic est quisquam aut nostrum. Ut corrupti facilis cum odio et. Totam quae vitae sapiente. Sed veritatis sequi ipsum quia animi sint enim facere. In alias error tenetur pariatur quaerat id. Deserunt sed officiis facilis pariatur natus voluptas occaecati. Non eligendi quod vel enim. Quo odit incidunt est rerum hic. Dolorem ipsum quas et sunt quia totam dolore. Voluptas velit quia enim ratione. Eos tempore illo quos adipisci odio quia. Est sequi eveniet sit error distinctio qui ducimus. Sed ipsum tempore omnis beatae. Ullam quas officia fugit voluptatum est. Deleniti aut perferendis necessitatibus rerum. Sint nemo possimus optio qui. Odio atque non omnis non voluptas omnis ducimus magnam. Commodi quod est explicabo commodi et dolores enim excepturi. Expedita et praesentium similique fugit quia voluptas est. Ea ab et explicabo dolores sed animi. Odio dolores amet ullam omnis modi quas rerum. Quia nisi nobis est quia. Repudiandae nihil distinctio doloribus non ullam explicabo et.', 'https://via.placeholder.com/640x480.png/0011ff?text=illo', 4, NULL, NULL),
	(28, 'Modi omnis earum consequatur nam aut deserunt. Qui corporis dolorem rerum expedita laudantium. Sit tempore nobis omnis suscipit facere quibusdam maiores.', 'Sed nobis et voluptas facilis aliquam blanditiis delectus ut. Aut dolorum velit libero vel error ab consectetur. Doloribus laboriosam ex nobis ex omnis. Hic hic laborum iure enim quod. Laboriosam in eius voluptatibus non. Sunt distinctio sapiente voluptatibus perspiciatis recusandae. Nihil qui impedit debitis eos ex.', 'Sit et molestias voluptatem. Impedit non magni quae vero. Id sapiente quia odio et rerum incidunt quidem. Fugit debitis sint culpa doloremque consequatur. Facilis cumque omnis ut unde. Nisi sint nobis at. Quia repellat qui qui unde. Quia rem placeat dolores atque explicabo. Numquam nostrum ex illo qui voluptatum. Eos quia quod id necessitatibus qui deleniti esse. Ut nobis repellat molestiae velit. Deserunt nobis doloribus culpa sit. Earum culpa ducimus et dolore. Praesentium minima non nihil veniam modi magnam. Voluptatem harum aut optio aperiam. Amet officiis deleniti et modi perferendis fugit. Culpa et est totam quia voluptatem ut. Iusto molestiae dignissimos rerum qui. Explicabo qui fugit magni blanditiis. Accusamus quaerat voluptas possimus et libero et nisi. Et cupiditate nostrum sed nobis. Qui rerum sit et minus ut dolorem quia qui. Aperiam corrupti necessitatibus id non in vero eos. At aut vel aut eum ullam et aliquam. Maxime cumque et minima optio est ratione quam ut.', 'https://via.placeholder.com/640x480.png/003388?text=rerum', 9, NULL, NULL),
	(29, 'Molestias vel qui esse. Atque dolor ut dicta. Neque tempora sit dolores unde. Voluptatem dolor iste deleniti consequuntur vel et est. Nihil eius perspiciatis est fuga consectetur est omnis corrupti.', 'Sed et voluptatem dignissimos. Assumenda soluta accusantium laborum numquam. Qui eum vitae ut aliquid enim earum possimus ut. Dignissimos libero et voluptatem repellendus omnis sint consequatur. Explicabo error qui non aut. Eos qui inventore neque facere officia et est. Repellendus in vel nisi reprehenderit aspernatur. Est occaecati et error nobis saepe eos.', 'Incidunt aut iure accusamus. Eos dolor consequatur iusto itaque voluptatum debitis sunt eum. Quaerat unde maiores nihil voluptas corrupti. Ducimus et provident quos autem eveniet dicta dolores dolore. Facere vel laborum exercitationem et dolores. Et repellat labore fugiat natus officia cupiditate. Corrupti omnis error dignissimos ducimus totam nihil iure. Recusandae dolor sapiente dolorem impedit laboriosam hic. Voluptatem quia explicabo a eaque nobis. Qui quia distinctio eveniet fugit mollitia quibusdam labore et. Harum accusamus quam ut sed vel. Blanditiis possimus quis eos deserunt voluptatem libero dicta ut. Delectus qui impedit non autem sed qui ut tempore. Ipsam molestias ea ut ut fuga vel. Quia quisquam voluptates molestiae in et mollitia culpa. Fugiat et omnis expedita enim. Explicabo mollitia optio vero atque. Voluptatem id necessitatibus voluptate hic velit laborum deserunt earum.', 'https://via.placeholder.com/640x480.png/00aa44?text=omnis', 3, NULL, NULL),
	(30, 'Tenetur voluptatibus reprehenderit aut numquam ipsa eaque. Distinctio non quam odio soluta sit id eum. Id voluptatem aliquid similique vero qui vel.', 'Qui dolorum quia repellendus nihil. Iusto voluptatem reprehenderit corrupti sint omnis. Id expedita aliquid eum dicta. Laudantium provident aut ab et in. Explicabo in hic corporis et quia maiores eaque. Qui iusto vitae reprehenderit dicta et aut. Vel accusantium est omnis totam.', 'Reprehenderit ipsa dolorum sed mollitia sit quos voluptas officia. Sed quia dignissimos quam. Quia quos nostrum reiciendis aut id ut. Officiis animi odit dolorum voluptas nesciunt mollitia debitis odit. Dolores beatae aut culpa illum nesciunt aut. Quia quos natus distinctio eos animi molestias est qui. Asperiores et possimus dolorum similique magnam. Eius aut quos eaque odit. Ea iste consectetur nostrum perferendis. Et voluptas eum est nemo doloribus consequuntur non. Error consectetur non et qui. Voluptatum adipisci repellat et numquam temporibus autem aliquam. Aut laboriosam maxime dolores libero qui rerum quae. Totam quia officiis vitae voluptatem. Sapiente exercitationem ipsam in odit. Delectus ea quia qui iusto est. Deleniti cumque sequi ut et impedit beatae dolorum magni. Doloribus architecto nostrum distinctio optio rerum consequuntur voluptas.', 'https://via.placeholder.com/640x480.png/00bb99?text=molestiae', 3, NULL, NULL),
	(31, 'Sed similique tempora odio sit. Sint quam consequatur ut blanditiis veniam quibusdam nihil. Sunt deleniti dolore enim ullam. Ducimus officiis aperiam totam et repellat. Iste expedita quod dolorum sit aut ex voluptatem. Iste quasi soluta explicabo ipsum.', 'Quaerat alias ea ut non quas sit. Pariatur sit impedit recusandae provident quia. Praesentium illo dolores quasi iusto. Temporibus aut tempora suscipit incidunt impedit. Iure quidem repudiandae inventore distinctio ut at qui.', 'Quaerat nulla tenetur atque laboriosam atque ipsum. At optio magni laudantium assumenda deserunt reiciendis nulla vitae. Quidem modi velit aliquid voluptate illum. Quia sint voluptatem iure ut. Aut totam perspiciatis eius omnis laborum. Molestias ut ut nihil voluptatem beatae. Dolorem in officia et magni incidunt est et. Cum necessitatibus in nesciunt dolor. Nisi repellat magni vel deleniti explicabo in. Sequi impedit vel minima beatae sint itaque et doloremque. Saepe non exercitationem qui. Quas veniam esse nam beatae eaque occaecati quia. Voluptatibus ea ut nemo necessitatibus facilis dolorem inventore et. Magni quod aut veritatis itaque. Libero qui aut quae consectetur pariatur error ut. Rerum ut qui tempora voluptate nihil et omnis. A assumenda et ex eum consequuntur voluptatem ut assumenda. Aperiam et similique voluptatibus quis dolor. Ut et occaecati repellendus distinctio laboriosam aperiam natus.', 'https://via.placeholder.com/640x480.png/008855?text=praesentium', 2, NULL, NULL),
	(32, 'Quos aut dolorem quaerat quis. Provident maiores omnis commodi et. Incidunt deleniti atque labore excepturi velit. Optio a quis non voluptatibus et voluptates quia aut.', 'Delectus delectus qui vitae quaerat. Consequatur ipsam nesciunt et et voluptas illo amet. Aut ea est porro maiores explicabo enim. Et velit eligendi ipsum voluptatem hic natus consequatur quia. Dolor distinctio minus debitis quis natus est. Voluptatem quisquam sapiente enim aut. Optio eum voluptatem saepe magnam.', 'Nam quam impedit et quis. Mollitia odio vero vel voluptatem dolorum quas deleniti. Ut itaque totam natus mollitia unde enim quia. Ut omnis similique corporis molestiae numquam. Aut corporis sit quam quis. Et laudantium odit dolor enim. Et enim voluptatibus optio reprehenderit blanditiis eius nemo. Vero voluptatem commodi dolores porro et impedit laboriosam. Blanditiis hic a voluptatem eaque. Unde qui hic exercitationem eos illum esse. Eos perspiciatis voluptatem repudiandae atque fugit. Porro unde repudiandae sed dolores iure. Similique nesciunt sunt sunt ab. Est est recusandae doloribus aut laudantium omnis aperiam. Unde et reiciendis occaecati harum aspernatur nisi. In non delectus tempore. Esse aliquam ex deserunt consequatur quo est. Ut nobis ut nostrum itaque quia qui qui. Exercitationem omnis aperiam eum sint ea iste. Dicta provident pariatur repellendus sit fugiat et dolorum.', 'https://via.placeholder.com/640x480.png/00ffee?text=est', 10, NULL, NULL),
	(33, 'Commodi quam cumque nihil. Ex dolores exercitationem cumque error recusandae ullam. Suscipit rem incidunt necessitatibus similique natus iure ut. Veritatis sed id est porro neque et.', 'Libero repudiandae consequuntur sint velit. Ab harum ipsa voluptas fugiat deserunt aut. Eaque labore eum reiciendis qui et. Ut laudantium ullam libero exercitationem laborum at ut rerum. Dolorem quo consectetur praesentium autem ea ea explicabo. Est autem nobis dolorem tempore quia nemo ab. Exercitationem aut ut omnis quaerat culpa omnis qui sed.', 'Inventore fugiat corrupti fuga occaecati. Reprehenderit accusamus eum rerum ad. Eos qui saepe id omnis quo. Et molestiae voluptas et similique et. Nobis non excepturi consequatur et numquam consequuntur consequatur. Eaque in dolorum suscipit est vitae rem quia. Est ratione eum odio soluta eaque soluta mollitia quis. Dolor voluptatem adipisci eum tempora dolores nam molestiae itaque. Quia commodi dolorum deleniti doloribus iste. Nam numquam similique et aut. Eum earum tenetur sunt et sit. Aut consequatur et voluptas perspiciatis eius. Neque ab voluptas sint eaque. Aut expedita illum voluptatum repudiandae sint. Quae modi temporibus expedita dolore eveniet in. Non error eos assumenda consequatur. Quisquam et impedit qui qui. Voluptas et voluptas praesentium quia consequatur impedit hic. Facere tempore molestiae saepe voluptate omnis culpa saepe. Dolorem tempore dolore ex ut vitae sed. Reiciendis vero omnis nesciunt quod consectetur repudiandae minima rerum.', 'https://via.placeholder.com/640x480.png/000022?text=et', 8, NULL, NULL),
	(34, 'Provident hic rem aliquam et dolorem. Id ut delectus aut. Tempore ad autem itaque architecto minima corrupti. At sed aut nulla impedit iusto quidem porro. Ipsa neque labore aut. Velit nihil aliquam tempore ipsa. Tempore eum nam et rem aliquam ut animi.', 'Occaecati facilis occaecati harum eum corporis et asperiores commodi. Ea dignissimos pariatur unde quibusdam voluptatem dolorem qui ad. Eligendi dolorum qui est sint amet sapiente sit. Voluptas corporis cum et illum iure et velit. Explicabo doloribus quasi velit deleniti et repudiandae. Reiciendis animi et quae sit. Dignissimos aut vitae numquam officia.', 'Molestiae numquam qui quos numquam praesentium atque. Et autem et et impedit. Quisquam exercitationem omnis incidunt ad quos ducimus et. Qui in aspernatur in tempora et. Libero sint delectus veritatis laborum. Unde fugit qui officia dolor aut. Totam nisi sunt nihil voluptates quaerat sit. Vel qui ratione a dignissimos. Laborum vel animi qui amet. Aut neque sed et suscipit et error sint. Voluptatem similique cumque saepe illo voluptas aperiam quo. Omnis nobis accusamus soluta eum tempore error. Pariatur et corporis adipisci aspernatur nisi. Ut quasi dignissimos quia repellat. Aut tempore consequuntur ut blanditiis asperiores et sit. Perferendis est repellendus sint. Odit amet velit voluptatibus natus. Fugit qui dolor et ut voluptatum corrupti. Distinctio autem et ipsam ullam eum qui ut blanditiis. Qui blanditiis iste eveniet repudiandae natus. Ex aspernatur sint eum et totam atque nisi.', 'https://via.placeholder.com/640x480.png/008811?text=laborum', 8, NULL, NULL),
	(35, 'Iste voluptatibus id delectus deleniti ut quia aut et. Voluptas consequatur voluptates debitis nulla numquam minima.', 'Voluptatem dolores inventore error et sunt consequatur corrupti. Natus distinctio eum aut aut praesentium aspernatur. Dolor error inventore doloribus fugiat incidunt sint. Magnam rerum voluptas voluptatem odit recusandae veniam nemo voluptatem.', 'Beatae perferendis quia in sit iure. Aut nobis et ullam. Et numquam eaque omnis sequi deserunt. Et sunt est eius eum. Est in dignissimos amet modi nulla ut quis. Voluptatibus ea minima sunt fuga. Et corrupti animi odio aut dolorem dicta. Autem rerum sit porro ut non aut. Eius repellat impedit dolores libero in. Inventore voluptatem illum non tempore aut nihil id laboriosam. Temporibus dolorum odit reprehenderit ipsam sint sint illum. Et et cupiditate porro sit aspernatur. Asperiores et modi dicta nostrum aspernatur qui exercitationem. At voluptatem vel neque et. Omnis qui saepe sequi unde numquam minus. Blanditiis sunt odio provident. Sunt rerum minus odit minima. Omnis quas explicabo autem numquam vel unde. Beatae aliquam cum odio sint aperiam dolorem nam. Excepturi dolorum voluptatem deserunt consequuntur architecto aliquam. Non ad natus quisquam fugiat aut. Ratione fugit enim quia facilis beatae consequatur.', 'https://via.placeholder.com/640x480.png/0055cc?text=pariatur', 9, NULL, NULL),
	(36, 'Voluptate eius doloribus sunt non. Est veritatis est esse ex rerum odio. Et voluptates illum doloribus. Atque velit enim necessitatibus consequuntur adipisci. Nostrum nostrum inventore dignissimos nostrum sit. Recusandae cumque omnis numquam consequatur.', 'Aspernatur illum dolor esse neque alias provident. Ut vel odit quasi hic eum numquam. Alias error consequuntur vitae nobis ut qui. Assumenda quasi ut perspiciatis provident. Ullam quisquam laboriosam minus amet soluta. Debitis occaecati rem hic laudantium eum. Et rerum hic et non rerum deleniti.', 'Qui omnis sit consequatur dolorum autem. Impedit ut corrupti et molestiae. Natus perspiciatis accusantium impedit. Enim dolor quis eos esse. Sequi accusamus minima doloribus. Ipsam sed nulla quia eos quo. Incidunt omnis ut voluptate eius et. Est voluptas qui expedita perspiciatis soluta. Iusto voluptas consectetur autem veritatis. Voluptatem ab perferendis excepturi placeat illo architecto accusantium. Nihil qui rerum vitae ullam. Pariatur in aut incidunt consequatur placeat impedit. Hic fugit deleniti illum vel sequi. Ipsam deserunt sed accusantium dolorum. Dolorem cum voluptatem iste autem voluptate totam cum. Quo error cumque ratione. Rerum aut officiis iure eveniet nisi quam dolores. Amet excepturi nam quo delectus at deserunt dolorem voluptas. Repellat molestiae eos eum ut quia. Aut ea velit deleniti sunt. Tenetur qui nostrum delectus quia. Quo dolorem inventore consequatur est dolores quaerat est.', 'https://via.placeholder.com/640x480.png/00aa66?text=repellendus', 4, NULL, NULL),
	(37, 'Exercitationem consectetur omnis sapiente quo. Placeat ab excepturi ad eum vitae dolorem sit. Quod molestiae quis et ratione minus rerum tenetur. Pariatur quibusdam doloribus facere id tenetur quibusdam suscipit sint.', 'Eos assumenda maxime corrupti id vel quos. Aut qui rem eos excepturi suscipit commodi. Quasi quo culpa nam nemo aut quidem aut. Velit dolorem eligendi hic sequi ut. Modi quia et commodi modi cum excepturi aut. A omnis similique quis accusantium odio ut voluptates.', 'Iste temporibus ut modi nulla. In a qui tenetur quae voluptate velit et. Quae sunt qui dolorem quae quo. Earum asperiores eveniet adipisci labore quae et. Qui quasi autem quis atque officia minima. Dolor placeat sed eos enim. Corrupti ut quo necessitatibus at veritatis. Facilis sint recusandae laboriosam dolore. Est nam ut dolor nulla non ex numquam. Animi sed tempora aspernatur illum. Suscipit ipsam nostrum autem eos vitae non minima. Ea dolores dolores dolorem doloribus sit velit. Ducimus sit asperiores doloribus corporis quibusdam qui voluptas error. Omnis magni voluptates illum autem nulla. Qui nihil aut dolorum est numquam. Eos ipsa velit tempore aliquam nobis sed quia est. Deleniti fugit veniam deleniti quo ea. Architecto quia in id itaque magni inventore. Ipsum asperiores dignissimos facere minus magni in exercitationem sed.', 'https://via.placeholder.com/640x480.png/004488?text=hic', 4, NULL, NULL),
	(38, 'Voluptas dolorem eos fugiat aut. Quia totam corporis aut qui. Excepturi accusantium quos tempore. Beatae totam ea ut illum provident amet. Quae culpa quis ut.', 'Aut voluptatibus omnis quia esse laboriosam laudantium et doloremque. Officia autem accusamus qui qui tenetur dolorum et. Dolor ut itaque repellendus laudantium quo voluptatem. Vel eligendi omnis molestiae molestiae odit. Vitae eum itaque ducimus. Est et pariatur voluptatem.', 'Voluptates nulla nesciunt a rerum porro sed. Natus mollitia recusandae suscipit nostrum laboriosam consequatur. Quae qui id dolores totam eum sed modi sunt. Distinctio quod necessitatibus voluptas mollitia ipsum. Sunt nam asperiores ut et quae. Nihil occaecati optio ab magnam ducimus cum. Vel ut praesentium ipsam repudiandae autem voluptatem dicta. Nulla sint laborum voluptatem. Eos alias tenetur delectus beatae. At reprehenderit repellendus blanditiis distinctio quo enim. Est assumenda aut tempore rerum possimus reprehenderit cupiditate. Rem nostrum reiciendis qui. Repudiandae non occaecati sint. Magnam et et exercitationem tenetur cum. Vitae rem sequi qui rerum ullam ut aut. Saepe eos qui modi deserunt eius ad quae. Veritatis repellat fugiat nam. In dolore vel deleniti dolores explicabo ea. Et nostrum repudiandae expedita officiis eveniet dolorem et. Impedit doloribus error laboriosam dolorum.', 'https://via.placeholder.com/640x480.png/006633?text=est', 2, NULL, NULL),
	(39, 'Quae aut cupiditate repellendus. Illum et repudiandae deserunt quia. Suscipit sit dolore cupiditate consequatur corporis.', 'Autem quas sit ab a in. Accusantium nihil hic alias et pariatur. Eum consectetur odit porro natus vel et. Adipisci vel tenetur possimus harum ut qui quos architecto. Qui reiciendis sunt ut quia. Facilis aliquam molestiae ut omnis unde eum nisi. Blanditiis assumenda facilis eos. Quae qui blanditiis aspernatur qui.', 'Quia tempora ut perferendis est et quia. Dolores est fugiat tempore illo eos sunt commodi optio. Laudantium mollitia saepe perspiciatis consectetur eos. Quis harum qui ea repellat. Ut ratione molestias non placeat. Modi dolor beatae voluptatem voluptates quasi a cumque eaque. Temporibus assumenda repudiandae unde harum aliquid. At qui numquam aspernatur voluptatem ut eos mollitia. Reiciendis est et tenetur excepturi dolor quos consectetur. Quod libero temporibus at eos animi vel. In et ut veniam illo asperiores. Qui nihil ad et qui deleniti. Ipsum accusantium dolor corporis occaecati et id. Molestiae repellat et quibusdam quo quasi inventore. Eum quaerat et asperiores sint et iste. Ipsum molestiae quaerat porro inventore vero quam repudiandae. Qui aspernatur inventore eligendi consequatur corrupti debitis nisi.', 'https://via.placeholder.com/640x480.png/00cc00?text=rem', 10, NULL, NULL),
	(40, 'Laborum vel eum ex ipsum exercitationem in voluptatem. Nihil rerum eos voluptas ut aspernatur esse ratione. Officiis dicta consequatur quas pariatur voluptatem repudiandae dicta.', 'Accusamus aperiam nihil vitae. Et nesciunt officiis asperiores voluptatem voluptas ipsam. Delectus non asperiores optio veritatis. Assumenda doloremque non quia aut blanditiis. Et ut voluptas at tempore quaerat. Id quas eius et velit quos. Possimus ullam ducimus totam voluptas. Fuga veritatis et velit labore sed ratione. Id numquam quod provident adipisci sed ut.', 'Porro voluptas sapiente ullam in ut sint. Aut quod autem eius accusamus dolor qui rem. Praesentium at odit voluptatem quia officia sunt. Assumenda nesciunt et error ab. Odio dolores facilis expedita impedit sapiente. Possimus maxime incidunt totam. Nihil iusto consequatur enim soluta quia animi sit. Amet molestiae sit nisi rem eveniet. Architecto quam vitae praesentium velit molestiae vero eius. Dolor quibusdam soluta et minus eum iure mollitia. Quas accusamus illo omnis eius ad. Corrupti et vel eum est. Nobis quaerat esse rem sunt commodi. Sint libero omnis deleniti incidunt rerum. Et recusandae dolor illum. Reiciendis libero et vero voluptatibus assumenda accusamus. Modi in eligendi porro non ex. Quidem laudantium esse molestias cupiditate quibusdam. Molestiae ea quia mollitia. Dolor reiciendis tempore dolor quasi officiis. Laboriosam qui dolor illum rerum aperiam. Sapiente soluta voluptas ut vero pariatur magnam sapiente.', 'https://via.placeholder.com/640x480.png/002222?text=suscipit', 3, NULL, NULL),
	(41, 'Earum delectus ea dolore aperiam ut. Omnis labore id repudiandae autem et aliquam perferendis. Quia laudantium earum architecto iste libero libero. Enim ipsam voluptates sint molestiae.', 'Repudiandae quia eos perferendis veniam veritatis. Enim debitis rerum consequatur dolores ullam. Corporis tempore nisi aperiam maxime aut quidem autem. Aut quos optio corporis possimus. Maiores quia facilis corrupti autem. Ut nostrum hic voluptatem aliquam et molestias. Debitis delectus facilis consequatur est sit vitae.', 'Temporibus voluptates porro et voluptatem repellendus dolores ipsa. Dignissimos ratione aliquid aut maiores sint. Consequatur et et ullam omnis animi. In neque eum eligendi possimus doloribus. Molestiae eos voluptas ipsa quia perspiciatis soluta id. Veniam similique assumenda officiis. Omnis et rem unde sint. Minima error voluptatem tempora deleniti. Impedit molestiae et quaerat nesciunt. Fuga asperiores placeat delectus et vitae commodi. Facere odio ut et qui iure. Minus nesciunt omnis sed consequatur sint ut. Enim vero ducimus sed cum rerum et sit. Qui excepturi deleniti voluptatem voluptatem enim magni. Illum dolorum ut laborum. Cum veritatis quo eaque officiis. Voluptatem totam laudantium occaecati beatae commodi ut omnis. Porro dignissimos reiciendis nihil. Fugit minima necessitatibus nihil nihil cumque hic. Ex alias est omnis illum nisi ut ut explicabo. Autem sapiente voluptas voluptatem aut. Autem inventore et nostrum et.', 'https://via.placeholder.com/640x480.png/00bbff?text=modi', 5, NULL, NULL),
	(42, 'Reprehenderit dicta velit quas tempora sint aut aliquam. Cumque totam vero porro facilis quis sequi. Rerum ipsa quis laborum soluta. Sed qui aspernatur quaerat culpa.', 'Pariatur sit dolor sed reprehenderit vel itaque. Vel quod molestiae magni earum. Dolores reiciendis nihil et eum autem labore et. Explicabo laboriosam magni aut dolor doloremque. Dignissimos sit corporis et odit saepe sunt. Quia sunt eius adipisci distinctio dolorum eum aut.', 'Dolores omnis dolorum qui et aut deleniti nam. Cupiditate suscipit distinctio molestiae itaque et rerum sequi. Exercitationem et fugiat aperiam architecto labore et veritatis. Sequi nostrum soluta commodi. Libero et iusto ipsam blanditiis ab enim sequi porro. Optio rem exercitationem autem non. Labore atque ut eum rerum repellat. Deserunt animi maxime eaque repellat sequi. Ea esse molestias id maiores iste maiores sint. Sapiente quos voluptatem ipsa asperiores. Quo voluptatem voluptatem rem repudiandae assumenda suscipit tenetur. Nisi voluptatem in quisquam et repudiandae. Perspiciatis esse neque inventore possimus. Officia omnis vel corrupti rerum autem fuga id omnis. Porro nulla est sit eveniet aut minus maxime. Quaerat quasi iure enim molestiae. Nesciunt error occaecati et dolores cum dignissimos dignissimos. Error odit odio corporis omnis odit. Nemo earum libero laboriosam asperiores. Necessitatibus nihil deserunt et accusantium. Itaque nesciunt sit dolor et.', 'https://via.placeholder.com/640x480.png/00eeff?text=voluptas', 4, NULL, NULL),
	(43, 'Nam beatae maiores ea quis autem in ipsum. Quasi rerum esse et fugit animi at accusantium. Labore dolores quisquam animi aut. Deserunt inventore occaecati eos ut laboriosam.', 'Perferendis molestias et culpa ad aut necessitatibus id. Voluptatem eum ducimus sed natus maxime est nam tempora. Asperiores molestiae sequi similique dolore.', 'Velit laboriosam excepturi corporis in non non. Neque qui expedita commodi quod. Enim sunt id enim. Quos dignissimos libero sint quos. Excepturi facilis quas velit inventore ea porro esse qui. Et sunt ad quo aperiam voluptate beatae voluptatum. Est et in esse deserunt similique ut tempora. Error fuga facere rerum qui et. Maxime aspernatur quam libero et aut placeat. Nobis tempora incidunt quas repellat. Culpa eos ipsum aut facilis temporibus voluptatem iure. Aliquid ut pariatur quibusdam aspernatur ut animi est quam. Perspiciatis non consequatur aut. Iusto rerum id harum officiis consequatur quos voluptate. Repudiandae voluptatem expedita voluptates natus est. Dolorem adipisci sed a odit occaecati impedit ea. Ut consequatur velit qui consequatur. Ab a quia sed aut provident. Dolorem ut soluta asperiores saepe. Quidem accusamus et rerum iusto. Molestiae quis architecto atque consequatur. Molestiae beatae necessitatibus et. Quaerat voluptas tempora expedita quibusdam.', 'https://via.placeholder.com/640x480.png/00ee22?text=qui', 9, NULL, NULL),
	(44, 'Accusamus consequatur enim dolorem et voluptatem eos impedit. Illum corrupti eius doloribus sint voluptatem eum ipsa.', 'Iusto quod quibusdam earum id eveniet nostrum. Ea sapiente nam reprehenderit dolor eius ea. Placeat ab ipsa ab cumque sit esse. Deleniti magnam necessitatibus quis. Error cumque soluta sit omnis atque. Id molestiae ut in nihil rerum amet et. Sint numquam placeat quaerat dolore dolore corporis repellendus.', 'Quibusdam velit placeat facilis voluptatem iste non. Nostrum exercitationem nam dolor. Non non qui ab qui est explicabo. Veritatis debitis sint dolorum. Natus est dolor error est. Et veniam vel saepe in rerum ut non. Dolor necessitatibus delectus voluptas consequatur non sunt libero. Nam magni ut unde dolores provident et. Et natus alias eum nobis fugiat expedita. Repudiandae laborum rerum ex quia accusantium voluptas. Repellat et dolores labore ullam incidunt ratione facere. Alias beatae voluptatem ut suscipit facilis. Veniam earum nobis repudiandae eveniet omnis. Reiciendis maiores consequatur consequatur ipsam officiis molestiae. Quia et velit et. Velit voluptas in omnis ratione consequuntur non. Neque nam et sit sed voluptatem quae ea. Soluta modi et aut molestiae qui. Cupiditate iste nulla iusto. Repellendus consequatur aliquid natus fuga.', 'https://via.placeholder.com/640x480.png/0000ee?text=totam', 3, NULL, NULL),
	(45, 'Voluptatem laudantium reprehenderit dolor saepe iure mollitia. Pariatur dignissimos ea aliquam quisquam iure.', 'Dolorem quod laborum voluptas et. Earum quae aspernatur ab rem. Alias rerum quae et. Cum aut eos qui placeat ipsa cum laboriosam. Vitae nam est animi ex et aut. Animi vel illo repellendus deleniti. Itaque dolores praesentium vero assumenda quibusdam nemo vero. Minus tenetur laboriosam ad ut quaerat eius laboriosam aut.', 'Dolores nemo architecto voluptates quidem inventore facere explicabo quia. Harum earum voluptas veniam esse qui nemo. Odio est adipisci et qui enim. Non sunt voluptatem quas omnis eligendi libero nihil. Aut quas sequi ducimus omnis et non. Doloribus quaerat dolor at voluptatem minima sint. Excepturi iusto tempora consequatur quod. Et labore facere necessitatibus qui. Nobis sunt pariatur commodi laudantium. Eveniet consectetur unde sint quia. Error porro laborum quo quae. Excepturi maxime quia voluptas praesentium omnis sunt. Totam expedita tenetur iure mollitia maiores ut. Sunt quisquam quo sunt cum aut expedita aut. Qui est iure vel dolorum. Repellendus aut sit repellendus et ea. Sed molestiae qui dolores fugiat voluptatem sint dicta. Non id placeat molestiae repudiandae impedit voluptatem quia voluptatem. Rerum labore rerum nisi doloribus sit saepe qui mollitia.', 'https://via.placeholder.com/640x480.png/00bb33?text=ut', 8, NULL, NULL),
	(46, 'Dolorem ut omnis et aut quisquam nam. Necessitatibus qui fuga aut sapiente molestias veniam assumenda. Quod magni sed ut voluptatem ipsam sed quibusdam. Doloremque ut esse qui enim omnis repudiandae.', 'Asperiores et sint dignissimos sit. Possimus adipisci necessitatibus officia est voluptatem error et. Harum nam rerum atque qui. Dolor et voluptates qui tempora dignissimos deserunt. Dolores quasi possimus maiores aperiam voluptate dolorem nesciunt praesentium.', 'Voluptatem eligendi excepturi esse aut quas. Expedita et et facilis qui facilis laborum consectetur. Qui aut perspiciatis nobis laboriosam est. Qui aut repudiandae odio amet sint ab. Optio qui qui vero qui aliquid quae. Sapiente qui neque laudantium tenetur. Fuga dolores nostrum minima nemo. Totam nesciunt numquam suscipit et dicta magni quam. Laboriosam voluptates harum quam dolores repellendus expedita. Exercitationem animi in est repudiandae ab pariatur. A velit est ea natus iusto quia. Laboriosam sint atque quidem nobis amet quibusdam officiis. Ut officiis enim reprehenderit voluptatum. Sit quos nesciunt numquam eum voluptatem. A atque quas dolorem laudantium dolor. Ad alias harum veritatis enim dicta deleniti aut. Officiis doloremque consequatur soluta dolor quis quos repellat. Quo tenetur quidem corrupti recusandae. Praesentium et dolor aperiam minus voluptas nobis enim. Commodi architecto amet dolorum aut quod sit. Laudantium ea esse labore corporis quia.', 'https://via.placeholder.com/640x480.png/00ffee?text=iste', 2, NULL, NULL),
	(47, 'Fugit quisquam odit magni. Distinctio alias quasi sunt facilis corrupti repellat non.', 'Quisquam cumque nulla quia nihil non explicabo. Explicabo ipsum sunt blanditiis enim nobis eos incidunt. Tempora tempore magni deleniti sit quod aut. Illum et nihil voluptas suscipit dolore nihil. Repellendus tenetur unde architecto ullam alias illum. Repudiandae officiis itaque quis corrupti illum. Ullam dolores distinctio rem quis vitae. Sint dolorem autem minima.', 'Sit tempora recusandae et consequatur quae laborum. Voluptatem fugit rerum aut exercitationem quasi consequatur maxime. Rerum occaecati accusamus ipsum in quod pariatur. Qui aspernatur minus ea quaerat ad. Suscipit repellendus velit temporibus voluptas unde adipisci perferendis officia. Tempore beatae non alias consectetur. Aut id sed tempore neque. Provident deserunt aut harum facilis sapiente eum quidem. Omnis possimus molestiae deleniti at facilis et libero. Qui sunt consectetur dicta corrupti delectus architecto suscipit laudantium. Error nesciunt corrupti cumque sunt eum. Assumenda quo veritatis occaecati harum iusto minus minus et. Sed ut tenetur deleniti qui sit ipsam vel. Odio quia ut magnam. Quam deserunt doloremque perferendis hic enim. Tempora similique impedit odio nihil et. Qui porro sint nihil expedita consequatur officiis esse. Et animi aut maiores voluptas enim totam.', 'https://via.placeholder.com/640x480.png/0033aa?text=debitis', 8, NULL, NULL),
	(48, 'Quod reiciendis qui quam vel voluptas reiciendis. Qui ut non ipsam ullam voluptatum autem. Consequuntur voluptatem commodi ipsum perspiciatis. Aut et omnis quia autem veniam voluptas perferendis aut.', 'Sed quia qui in temporibus. Est dolorum porro repudiandae in molestiae molestiae libero. Et quae unde minus rem placeat omnis dolore. Et sunt ea omnis totam sint perspiciatis omnis est. Earum sequi eaque molestiae et. Omnis quia dolores sunt provident quia reprehenderit assumenda. Non alias assumenda et aspernatur doloribus qui nisi culpa.', 'Odit fugiat sunt culpa sit. At nihil est non ea. Minima autem itaque et consequuntur. Est dolor distinctio et rerum mollitia. Qui soluta perspiciatis saepe rerum et repellendus. Sed quasi pariatur rerum consequatur voluptas rem eaque. Ipsa nobis vitae pariatur aliquam natus nulla. Quibusdam ut nam maxime sit inventore voluptas ratione. Vero nihil sit iusto explicabo corporis delectus. Voluptatibus itaque laboriosam autem saepe natus saepe. Animi autem adipisci qui minus est. Odit quaerat animi qui provident. Cupiditate earum sit fugiat quibusdam est possimus nemo. Possimus quia commodi et hic suscipit dolorem nihil. Aliquid nemo libero dolore praesentium unde perspiciatis. Voluptatem blanditiis fuga reiciendis quas. Autem laudantium accusamus qui velit. Incidunt vel quo odit sit qui sit numquam. Alias similique nesciunt quas rerum aut. Blanditiis possimus velit pariatur. Omnis laudantium ut sed repudiandae eligendi aut veniam. Et magni eum assumenda esse possimus.', 'https://via.placeholder.com/640x480.png/0044dd?text=soluta', 9, NULL, NULL),
	(49, 'Qui sit debitis ullam neque sunt repudiandae quis rerum. Rem consequatur ducimus qui ab. Aperiam id velit qui incidunt rerum illo quos aperiam. Vitae aliquid in ratione velit qui soluta necessitatibus explicabo.', 'Ea eos voluptas necessitatibus id sunt illum. Consequatur veniam natus repellat aut omnis praesentium sequi. Cumque ducimus nemo et non praesentium. Sunt numquam tenetur non mollitia illum inventore. Est voluptatem dolore explicabo non. Quidem aspernatur error molestiae sint iusto voluptates. Reprehenderit quis harum unde et blanditiis sint. Saepe facere velit adipisci vero non qui voluptatum.', 'Aut nostrum esse eum. Ut quas et ut tenetur aut suscipit totam. Sint incidunt quia accusantium. Est est inventore incidunt consectetur temporibus ipsum. Sit praesentium recusandae consectetur sed necessitatibus ducimus sed. Excepturi sapiente molestiae nesciunt vel. Adipisci quam nulla dolores nobis itaque. Aut sunt hic iusto. Consequatur dolor placeat fugit voluptatem assumenda nihil. Ea illo exercitationem nisi et autem perspiciatis nobis. Aspernatur rerum ullam quas in provident culpa distinctio eligendi. Velit aspernatur quibusdam dolorem autem. Corporis minus repudiandae est minus est sunt. Architecto sapiente debitis quas nesciunt omnis et. Eaque libero quos labore dolor ut nesciunt. Voluptatem vitae quidem voluptatem iste odit at. Et aliquid quia quis a ex ut. Autem velit dolores possimus omnis. Rerum alias vitae voluptatem vel sit aut. Blanditiis animi ea aliquam doloribus doloribus et illum. Veniam delectus id voluptates odio qui. Dolore aut voluptas velit quia.', 'https://via.placeholder.com/640x480.png/00ff77?text=facilis', 2, NULL, NULL),
	(50, 'Sunt tenetur omnis necessitatibus et cum. Ipsum autem omnis voluptatem ut id aut eum magnam. Beatae ipsam maxime nam dignissimos omnis ut. Quia mollitia magnam ea odio ut qui.', 'Id minima expedita tempore labore qui molestiae rerum. Saepe et impedit repudiandae et voluptate. Id sapiente quaerat in molestiae totam. Omnis et deleniti et voluptas. Magni debitis et necessitatibus voluptates. Voluptatibus natus dolore tenetur explicabo. Nam at laboriosam aut autem voluptatem exercitationem tenetur. Dignissimos nisi est non.', 'Dolore repudiandae dolores eos at ut est facilis. Consectetur velit fugiat occaecati occaecati saepe non dolore. Ea excepturi molestiae harum doloribus fugiat culpa inventore vitae. Explicabo repellendus assumenda animi consequuntur quis. Quaerat ut quia earum molestiae error repellendus. Sit consectetur aut odit ipsam culpa cum atque. Enim laborum sint asperiores ea minus excepturi. Amet sit autem sit. In non ut velit illum. Temporibus sed quia facere quis nesciunt. Quidem dolore ratione omnis consequatur ut. Quibusdam explicabo velit corrupti necessitatibus. Sit veniam sint architecto odit. Nobis in vel ipsum assumenda iure libero officia. Sit eum itaque nemo. Laudantium error sed a. Inventore et consequuntur perferendis provident consequatur necessitatibus. Delectus veniam aspernatur eum laboriosam. Qui suscipit dicta iusto tenetur esse.', 'https://via.placeholder.com/640x480.png/0033dd?text=optio', 9, NULL, NULL),
	(51, 'Odio a assumenda natus incidunt. Laboriosam consequuntur tempore sit veniam optio et. Asperiores qui necessitatibus dolor. Harum iste dolores optio id iste nam. Similique et magnam et provident omnis.', 'Officia corrupti id dolore dolorem molestias autem eum. Sequi tempore aperiam unde et aut consequuntur fugit. Hic neque quis rerum fugiat hic et esse. Odit maiores eum autem libero excepturi. Possimus atque vitae rerum quasi harum quas et quia.', 'Et sunt odit fugiat perspiciatis mollitia animi magnam id. Quia reiciendis et aperiam qui eveniet tempora sunt autem. Enim aut consequuntur aut consequatur nesciunt qui eius. Eum quis molestiae asperiores. Ullam suscipit omnis atque omnis rerum. Quisquam nemo at error quisquam porro dolorem. In aliquam deserunt enim porro aut aut repellat. Ipsum amet magnam quae amet minima aliquam omnis. Vel eius beatae magni eum. Reprehenderit expedita quidem est assumenda animi tempora. Facilis illo esse et atque quia. Eum est accusantium nemo omnis. Atque voluptas quia perspiciatis repellendus. Voluptatibus optio magni mollitia ut et qui eum et. Aspernatur est aspernatur porro est est repellendus. Doloribus at illo animi eligendi eum consequatur. Saepe aut porro voluptas voluptatem accusantium nostrum. Fuga omnis totam ipsam omnis. Iusto quisquam tempore cum voluptatem.', 'https://via.placeholder.com/640x480.png/005577?text=praesentium', 4, NULL, NULL),
	(52, 'Ducimus voluptatem in neque aperiam. Ut minima ad repellat commodi illum. Architecto iste nemo corrupti corporis fugit laudantium exercitationem. Aut vero ut est aliquam.', 'Commodi provident neque iure. Temporibus at qui velit non. Eius voluptas dolores fugit occaecati. Quas sunt et eius enim voluptatem esse distinctio. Tempore ducimus accusantium quia qui odit. Laborum sint quos quaerat aut cum. Accusantium illum quod qui dicta. Reprehenderit rerum officiis quis vel illum ut vitae.', 'Qui vel consequuntur eaque eligendi repellat. Sequi officia incidunt blanditiis doloremque non. A accusantium voluptatibus dolores ea. Voluptatem laboriosam aut est explicabo rerum. Et consectetur facilis ab quaerat aut alias voluptatem. Maiores saepe et quas in atque aliquam quos. Voluptate voluptatibus ea sunt repellendus quod dolorem. Quasi illum qui veniam iste. Natus nesciunt dolorem ad enim et. Atque iure qui labore incidunt provident nemo. Non rem repellendus veritatis soluta autem harum et eos. Est aliquid et rerum. Quia quibusdam dolores fuga aperiam quia. Doloribus voluptate neque illum cupiditate tempora commodi eius. Nam enim corrupti quisquam sapiente quia. Doloribus nostrum sapiente nihil deserunt illo vel amet. Voluptatem voluptate et consequatur beatae incidunt. Iure alias nesciunt id suscipit sequi recusandae. Possimus accusamus et recusandae quia voluptatem. Ut et commodi recusandae natus. Perferendis quis dignissimos enim consectetur quidem consequatur debitis.', 'https://via.placeholder.com/640x480.png/00bb55?text=voluptas', 9, NULL, NULL),
	(53, 'Voluptate consequatur quasi a sed aut enim repudiandae. Ex doloribus ut laudantium veritatis consequatur voluptas. Sunt voluptatem amet libero excepturi quas voluptas numquam qui. Et corrupti rerum neque vitae quia rerum optio.', 'Laboriosam blanditiis vel saepe rerum autem quos voluptatem sed. Dolore aut exercitationem asperiores sed vitae. Facere quam minima qui dolores ut numquam et cumque. Et et cumque ut voluptatem. Quia qui rerum assumenda. Impedit tempora tenetur earum quas eius autem illo. Id sequi minima odio enim. Eos optio rerum quidem nam. Maiores eligendi iste rerum hic perferendis aspernatur dolorem.', 'At provident alias atque. Odit adipisci laborum consequatur corporis occaecati. Reiciendis ut fugit ut impedit blanditiis est. Perferendis rerum voluptatem enim laboriosam odit voluptate occaecati. Quo commodi amet iure. Ab et et est laboriosam sed enim. Iusto omnis voluptates et hic iure nulla. Culpa velit animi temporibus eaque. Accusamus non accusamus consequatur expedita voluptas nobis. Quod omnis est unde nihil numquam cumque est. Vel ut dicta in nam. Consequatur laborum nihil consequatur aut voluptates libero. Dolores nobis dolores quas quos sint. Modi consequuntur et dicta dolor aspernatur molestiae incidunt. Vitae odit consectetur et reprehenderit rerum saepe occaecati. Nostrum debitis qui aliquam reiciendis voluptas. Et dicta qui aliquam quam laudantium. Magnam aut aliquid quia voluptatem voluptatem incidunt. Facilis quo pariatur voluptatem fugit. Quam sit quaerat voluptas at voluptatem eum saepe. At eveniet placeat ad et aliquam et.', 'https://via.placeholder.com/640x480.png/0077dd?text=consequatur', 5, NULL, NULL),
	(54, 'Labore sit eos qui ut sit nobis laboriosam autem. Rem sequi voluptas qui autem. Dicta tempore voluptas quia enim est. Dolor totam alias placeat in.', 'Quia dolores officiis sequi maiores quaerat temporibus qui. Vel odit quis doloribus dolorem. Libero unde saepe commodi. Et tenetur est tempore nobis est enim. Quasi fugiat fugiat repudiandae consectetur nihil soluta ut. Quam consequatur aperiam consequatur ut id odio. Minima nobis minima aperiam omnis.', 'Aut et ut et facilis. Consequatur distinctio dolore tenetur veritatis placeat cum nostrum. Tempore repellat officia aliquam perferendis. Illum ut earum facere animi. Aut dignissimos incidunt nisi aperiam. Qui reiciendis ab similique ut quia sed. Illo asperiores perferendis est dolorem. Non dolor praesentium alias voluptatem autem harum quia. Quia fugit non voluptatem exercitationem. Maiores nemo quis perspiciatis et. Nisi accusamus commodi minima voluptatem quis. Doloribus modi vitae repudiandae et ex. Molestiae sit dicta ratione quia deleniti totam et. Voluptatem quo ratione aut modi quas ducimus iste. Sunt voluptas illo repellat. Sint nemo est adipisci earum natus. Aut iste et et inventore eligendi. Totam pariatur reprehenderit magnam magnam. Sed architecto nihil nihil eos praesentium. Et dolore eveniet mollitia eum enim mollitia tempora. Cumque minus totam laudantium sed. Dolorem quia architecto rem veniam qui officiis. Soluta quas aut qui natus accusamus. Aut velit ipsa sed qui.', 'https://via.placeholder.com/640x480.png/00aa44?text=et', 7, NULL, NULL),
	(55, 'Enim sed omnis maiores maxime. Dolorem voluptates nesciunt vel qui incidunt voluptatem quam. Et praesentium esse qui exercitationem est.', 'Non aut dolor est commodi dolor et atque. Et qui magni ut necessitatibus quo. Voluptatem veritatis neque assumenda sit. Illo ut nihil id quisquam ex consequatur. Et quia corporis mollitia rerum qui fuga. Perferendis ut corrupti iusto nihil vel. Sit illum id voluptas vitae. Aspernatur doloribus ipsum cupiditate. Cupiditate illum minus sint nulla. Veritatis est cum veritatis.', 'Ea et qui maiores molestias quis. Doloremque nostrum labore rerum omnis soluta ut facere. Ut consequatur quibusdam ea voluptas nostrum. Nihil qui reprehenderit cupiditate sit rerum sapiente. Qui nostrum ut vitae explicabo laborum. Eius labore est temporibus fugiat vel quae et. Impedit error ducimus eius. Vero porro natus repellendus neque omnis. Sint iusto nihil est dicta. Excepturi cumque quis est laboriosam enim quae molestiae. Nisi aliquid fuga nulla ratione suscipit delectus natus. Adipisci ea dolores illo reiciendis sit. Aperiam eaque hic pariatur suscipit voluptatum nostrum. Labore quos dolor velit ducimus magnam laudantium. Eveniet necessitatibus veritatis est voluptatem rerum aspernatur. Rerum quo velit excepturi quae exercitationem. Harum consequatur ab tempora aut fugit iste. Ratione distinctio quia amet vel illum animi labore. Eligendi suscipit similique harum suscipit.', 'https://via.placeholder.com/640x480.png/00bb77?text=earum', 1, NULL, NULL),
	(56, 'Perspiciatis dignissimos et consequatur omnis neque numquam et excepturi. Earum assumenda hic et sapiente culpa nesciunt. Libero id ratione voluptas ut. Excepturi exercitationem id reprehenderit ea qui expedita odit. Dolor repellat quaerat facere qui.', 'Velit quidem eos dicta rerum illo recusandae. Distinctio molestiae doloremque nihil vel sint animi hic. Eos deleniti dolore rerum voluptas adipisci illum unde recusandae. In qui dolorum voluptatem similique. Rerum reprehenderit debitis culpa quis aut excepturi deserunt. Quibusdam tempora non ullam. Maiores doloribus exercitationem excepturi.', 'Quod error cum labore laudantium quam. Esse quibusdam accusamus quas quia nobis aliquid dolores. Ut cumque ut suscipit voluptatem eos ea voluptatibus. Qui inventore maxime voluptatum quibusdam in mollitia. Consequatur veniam fugiat cumque modi voluptatum. Commodi aut eum necessitatibus architecto quia aut. Perspiciatis repudiandae voluptas dignissimos totam mollitia. Suscipit corrupti odio architecto cupiditate sequi exercitationem. Quae suscipit magnam delectus nihil voluptate repellat. Voluptatem laboriosam omnis sed. Aspernatur eaque alias similique beatae ullam in ut dicta. Et reiciendis ad sunt sunt consequatur esse. Dolor facere enim incidunt non ut. Sunt reprehenderit delectus exercitationem non. Pariatur deleniti delectus laudantium eos eum consequatur id. Vel doloribus doloremque eligendi neque facere. Illo omnis natus dolorem et laborum odit doloremque.', 'https://via.placeholder.com/640x480.png/00ff11?text=earum', 10, NULL, NULL),
	(57, 'Odio labore minima id debitis nulla in soluta magnam. At laudantium amet officiis quas. Facilis rem ut quia minus. Magnam nihil quos expedita. Cum voluptatem maiores aut fugiat autem sint deleniti. Ut minima voluptatem atque deleniti ut sed molestias.', 'Sint magni facilis aut provident. Et ducimus hic non ut. Voluptas accusantium cum porro eos laboriosam a. Commodi ut est sed cum et quia. Dignissimos consequuntur possimus sit architecto aspernatur totam dolorum. Quam enim ipsam aliquid molestiae. Inventore laboriosam vel molestias maiores qui. Qui eveniet dignissimos in amet illum.', 'Ut dolor illum sint esse illum voluptas voluptatibus. Fugit blanditiis exercitationem non atque nobis deserunt qui. Labore qui minus est tenetur. Delectus quas est tempore quod et quia molestiae et. Alias consequatur quibusdam voluptatem ullam. Tempore et non at soluta laudantium. Blanditiis animi tempore veritatis ad asperiores et. Odit aspernatur vel saepe. Saepe occaecati non nihil aut fugit recusandae omnis. Quaerat porro qui dolores nam nostrum deserunt officia. Quae aut enim earum sint. Et sed numquam non explicabo. Similique ad qui ut voluptas voluptas molestiae harum est. Explicabo consequatur quia neque omnis ut harum dolorem. Modi beatae impedit eaque est necessitatibus rerum. Non dolor totam quia perspiciatis aut. Explicabo beatae qui corporis ut ab accusantium ipsum. Pariatur odit et quo ex et iure.', 'https://via.placeholder.com/640x480.png/002255?text=aut', 3, NULL, NULL),
	(58, 'Velit ut quod dolorem est voluptas sunt unde et. Nihil voluptatibus pariatur non architecto impedit. Ea veritatis aliquid molestias minus corporis vitae.', 'Natus accusamus autem saepe est tempore. Nobis veritatis quo laborum quo iure omnis libero. Id odit quia cum sit commodi assumenda sit. Quidem odit voluptatem rerum voluptas ut velit vel quisquam. Aut ut voluptates sapiente quas id tempore. Dolor sit aut quas et omnis quis nam. Error eos aut consequatur. Aut unde et quisquam dolores consequatur consequatur fuga. Nisi est quo provident veniam sit.', 'Laudantium nihil asperiores sed ullam non qui. Repellendus laborum cum harum. Asperiores omnis nihil qui. Exercitationem nostrum incidunt quidem ipsam. Quo nesciunt quisquam dolorem quo. Esse dolor illo eius alias quia amet non. Culpa maxime aut incidunt sed enim. Omnis inventore est assumenda voluptatem. Ut consequatur veritatis consequuntur. Id voluptas et asperiores libero explicabo. Consectetur ad qui provident. Provident eveniet voluptatem cumque quo maiores in. Ut magnam et dolorum eos officiis. Ut optio quis velit. Consequuntur voluptatem ducimus rerum et sed eum at. Ut sunt velit veniam odit debitis adipisci aspernatur. Sed quis nam ut voluptas et voluptatum. Cumque quo dolor tempora ratione est. Adipisci quibusdam molestiae eos distinctio itaque. Omnis consectetur dolores aliquid qui et dolores aliquam. Est est placeat facilis voluptatem rerum. Provident sapiente quaerat in et provident.', 'https://via.placeholder.com/640x480.png/00ee00?text=deserunt', 3, NULL, NULL),
	(59, 'Aliquam tempore est in. Non commodi numquam ea aut. Totam quis id et quia amet ullam. Est exercitationem voluptate sequi fugiat error. Occaecati dolorem quis provident suscipit quos est qui.', 'Et et officiis provident eos. Dignissimos aspernatur libero natus autem. Aperiam dolor aperiam nobis iure soluta necessitatibus optio. Eveniet corporis deleniti vitae earum. Incidunt enim blanditiis laborum atque. Odit ut quod laborum consequatur. Corrupti voluptatum omnis quo nihil in. Quidem aliquam corrupti rerum voluptate et possimus veniam.', 'Natus sint cum eum quam. Voluptas consequatur nihil aut ipsam quo magnam iure. Fugiat ea vel laudantium tempora et quis. Distinctio aut qui debitis non sunt doloremque. Voluptas magnam sunt non modi a natus deleniti. Quaerat ratione vero qui explicabo qui quo consectetur cum. Rerum aut nisi omnis sunt. Iure et qui error beatae quas eius. Error voluptatibus aliquam architecto consectetur necessitatibus. Occaecati quia et voluptas. Beatae ea laborum voluptate et aliquam perferendis. Quidem iure totam quasi eaque distinctio. Laboriosam accusantium temporibus et. At sit hic voluptas illo. Aliquid voluptatem ut facere voluptatem eum quisquam laboriosam fugiat. Et aperiam placeat non et repudiandae ratione esse. Quas sunt numquam repellendus. Quod minus ratione odit nihil. Provident saepe eos possimus ratione et dolorem. Quo voluptatem deleniti error molestiae impedit non. Accusantium quis veniam inventore.', 'https://via.placeholder.com/640x480.png/0055ee?text=officia', 7, NULL, NULL),
	(60, 'Quae provident iure est quaerat. Repellat enim atque officia dolore unde consequatur. Quod enim dolores quia eaque. Officiis laborum dignissimos et est soluta laudantium et odio.', 'Officiis et occaecati laborum odit qui. Eaque et voluptates qui officiis eligendi corrupti dolorem aperiam. Quia consequatur facere perferendis voluptas. Voluptas quasi soluta aperiam perspiciatis quia vel nemo. Ut libero vel accusantium. Quaerat debitis deleniti optio provident. Deleniti sunt repudiandae non officiis. Modi laborum possimus nobis accusantium. Ea facilis quas et quidem.', 'Perferendis non distinctio molestiae praesentium autem repellendus. Deleniti cumque odit et exercitationem. Qui et fugit in omnis ad. Consectetur qui sit voluptas et nihil nam quod. Eos optio repellendus ex quod mollitia. Quisquam necessitatibus expedita aspernatur facilis ut hic. Voluptate vel quaerat fugit quia quia molestiae delectus reiciendis. Iste nulla consequatur aspernatur. Quis placeat hic quo et inventore. Vero ut voluptas non non vel atque. Delectus aliquam delectus est commodi accusantium ut. Quos nihil sed ut enim amet. Qui non sapiente recusandae et tenetur ab. Et atque dicta excepturi ipsam rerum consequatur. Molestiae aut consequuntur minus officiis ut aut. Quam ea nesciunt vel fugiat eos tempora itaque quod. Incidunt placeat qui modi facere vitae ea saepe. Quidem praesentium voluptas eos totam sed eveniet. Fuga sint expedita veniam ut dicta ut et ea. Eaque quasi blanditiis dolor debitis ut molestias minima incidunt. Id laboriosam qui consectetur est est voluptatem.', 'https://via.placeholder.com/640x480.png/0011ff?text=et', 7, NULL, NULL),
	(61, 'Et fugit unde porro rerum ipsa animi ut. Porro ad porro iusto fugiat repellat nam. Animi quas quasi nihil quo maiores.', 'Quo quam aut repellendus doloremque qui repudiandae voluptatibus consectetur. Dolorum sint rerum culpa omnis. Ducimus est voluptate quia fuga recusandae libero. Eligendi similique dolorem aut rerum molestiae. A vero tenetur quia ab nobis non. Porro voluptas sint enim laudantium quo. Sint placeat quia ipsum necessitatibus. Et corporis non suscipit omnis ullam.', 'Quae magnam esse quod vel. Impedit reprehenderit repellat consectetur sequi inventore enim eos enim. Maiores ipsum occaecati sit iste. Necessitatibus ab possimus vel sint et vel. Aut porro ea rerum quasi accusamus praesentium magni aliquid. Accusantium officia ut aut sit qui consequatur nihil. Tempore sit sit incidunt dolor. Consequatur hic vel in neque qui aliquid. Magnam est cupiditate debitis voluptatibus enim. Quo maxime ut eum qui aut. Unde molestiae debitis repellendus quam repudiandae fugiat. Voluptas asperiores ullam est enim velit consequatur at quibusdam. Labore ut accusantium molestias eaque. Quas voluptatibus repellat sunt placeat voluptates illum. Architecto ducimus voluptas suscipit eligendi quis id sint sapiente. Et repudiandae quia cum provident commodi possimus. Voluptas et dignissimos error amet dolorem aut ipsam. Possimus eos officia tempore. Asperiores et sunt minima et molestiae. Perspiciatis reprehenderit est dolorum ab quis corporis minima.', 'https://via.placeholder.com/640x480.png/00bbbb?text=est', 6, NULL, NULL),
	(62, 'Harum deleniti sunt nemo aut voluptatem. Deserunt sed a ipsam voluptatum excepturi officiis saepe. Rerum consectetur fuga ipsa eligendi facere provident dolor.', 'Unde culpa consequatur ex vitae quod. Eum deserunt inventore in quam nisi. Praesentium doloremque impedit eos et. Non dolor quo quae maiores aut. Illum ipsam corporis cumque quo quis laboriosam enim. Eos sunt non et sequi fugit ut. Est at qui tempora pariatur.', 'Et itaque quis magnam non repudiandae. Rerum corrupti eum non cupiditate repellat. Tempora est sed quam odit quibusdam qui impedit. Et quia sit beatae aut autem. Necessitatibus harum voluptate voluptatem rem error deserunt. Eum non nemo aut ut totam. Illum corrupti placeat sapiente hic itaque. Non molestiae reiciendis ut quia. Labore odit consequuntur commodi soluta. Rerum nihil sunt officia qui. Enim vero numquam veniam. Nobis et nulla eum nihil qui. Delectus vel est vel illo neque quia magni laudantium. Velit expedita corrupti odit sit sunt. Accusamus numquam ipsam quibusdam repudiandae rerum sint est. Dolor necessitatibus quos voluptas dolores eos id. Veniam optio iste expedita. Vero explicabo sunt mollitia cumque quasi voluptatum sit temporibus. Nobis molestiae occaecati qui odit nemo exercitationem. Voluptas vitae sit nostrum soluta sint rerum eos.', 'https://via.placeholder.com/640x480.png/0011aa?text=reiciendis', 2, NULL, NULL),
	(63, 'Ea quis aperiam libero incidunt labore. Consequuntur libero doloremque consequatur eum dolorem. Aliquid et vitae deleniti quos vel qui et.', 'Dolores sit maxime velit inventore saepe ea et exercitationem. Quia provident ut sint repellendus molestias magni incidunt. Sed autem vitae aut consequatur. Deserunt fugit sed reprehenderit. Dolor sint aut et laborum aut alias. Recusandae omnis eligendi voluptatibus voluptas fuga voluptatem.', 'Officiis unde in velit dolorem corporis et qui. Ut veritatis numquam aut qui. Non error ut fugit veritatis. Est voluptas quae quisquam eos. Possimus laborum ut quia quidem consequuntur consectetur dolor. Quos aut neque vitae a qui. Magnam dicta voluptatem et ullam est. Laboriosam iure natus aut in. Eum nesciunt dolore harum minima. Distinctio voluptatibus sed omnis eum vitae natus eos consectetur. Similique molestiae nam vero esse et dolorum. Voluptatem magnam vitae quaerat omnis praesentium itaque deleniti. Praesentium et minus quisquam doloribus. Voluptas illo libero laboriosam debitis omnis sequi. Sed quia officiis illo eum voluptatem dignissimos. Consequuntur nisi et numquam dicta autem. A ipsum unde sequi architecto vel provident ut. Culpa nobis nostrum soluta. Ipsam minus quas ipsam maiores. Dolorem quia ut sint tempora et. Soluta sapiente dolores accusantium dicta. Beatae nobis necessitatibus et doloremque ratione enim quos.', 'https://via.placeholder.com/640x480.png/00aa11?text=quasi', 6, NULL, NULL),
	(64, 'Veritatis possimus accusamus debitis. Quia aut sint laborum ullam dolores iure. Nam aspernatur labore officia alias.', 'Quidem maiores voluptatem est ut natus. Sed est quia at aut. Fugiat illum id modi sed. Est perferendis dolore quae eum explicabo quia qui. Quis aut illum sapiente nisi. Rerum dolor excepturi tempore vel unde commodi. Cum quia ut possimus corrupti odio velit. At a rem qui repudiandae et. Cumque voluptas in qui aliquam molestias fugiat nam. Eius ut velit necessitatibus est qui fugiat ex.', 'Eaque delectus exercitationem aut eum ullam consequatur fugiat. Harum voluptate pariatur sit. Rerum in nostrum quas velit. Illo vel ipsa quis aspernatur ex aut et. Dolore sint saepe reiciendis rerum sunt nihil est. Quo qui delectus quod deserunt neque. Provident ducimus est velit. Odit esse ut non ratione aut magnam dolores distinctio. Corporis alias est recusandae dolores distinctio repellat consequuntur. Nulla cumque porro harum qui. Ut fugit vitae adipisci accusamus debitis quis consequuntur. Officiis incidunt non veniam a in. Quia quia ad molestiae. Neque consectetur autem quia maxime autem. Magnam eius et facere dignissimos molestiae cupiditate. Rerum voluptas esse dolorum dicta et illum. Nulla ut est eum excepturi. Voluptatem illum illum deleniti ut. Perspiciatis architecto repudiandae quo nihil. Unde reiciendis unde sint esse voluptas error sed. Reprehenderit aperiam cum provident est odit exercitationem quaerat porro.', 'https://via.placeholder.com/640x480.png/005500?text=vero', 9, NULL, NULL),
	(65, 'Hic rerum quisquam enim voluptate et. Et unde neque sed minima aliquam sunt. Exercitationem odio aperiam perspiciatis delectus natus quidem nostrum quae. Qui consequatur omnis rerum qui nihil.', 'Voluptatem laudantium repellendus animi similique. Ipsam dolor deserunt doloribus eos molestiae. Praesentium possimus temporibus aliquam cupiditate placeat qui dolor. Aspernatur rerum rerum eveniet qui provident. Recusandae impedit expedita totam rerum. Ut voluptatem dolor animi soluta sint non aliquam. Est repellat natus id ipsa.', 'Soluta corporis eum tenetur doloribus expedita nihil qui. Itaque assumenda voluptatem sapiente et et dolores. Quia sed error consequatur et in. Magni dolorum est sed sed alias dolorum sunt. Accusamus sint qui autem vero. Libero et nihil nobis natus iure eos autem. Commodi est sapiente quis aut dolores consequatur omnis. Excepturi autem alias officiis optio qui. Est magnam quo qui dignissimos doloremque. Magnam et ut consectetur nihil nostrum voluptas. Veniam rerum quia aut est quibusdam at voluptatibus. Earum quo placeat ut ullam quis. Amet nobis officiis ratione magni corrupti fugit accusamus impedit. Maxime eos aut perspiciatis nulla dignissimos nihil ea. Sunt voluptatem consequatur et. Non voluptatibus rerum ipsa numquam autem. Sit aut ut vel animi rem ad. Occaecati consectetur aspernatur amet architecto cum ut.', 'https://via.placeholder.com/640x480.png/0088ff?text=quo', 2, NULL, NULL),
	(66, 'Provident deleniti suscipit ab suscipit. Exercitationem odit quis neque sed doloribus. Qui laborum sint quod molestiae. Maiores possimus velit dignissimos aut ipsa.', 'Ut vero ab sunt vitae iure pariatur unde. Labore est ut sequi officiis provident. Est nihil molestiae laborum error nostrum. Modi molestias porro in repudiandae pariatur. Cumque eligendi praesentium harum et ab. Et laudantium dolores reiciendis molestiae illo qui. Sapiente voluptatem numquam est aut. Adipisci pariatur quia molestias aspernatur. Est itaque est nihil mollitia ex labore.', 'Aut aut quidem et nam adipisci eius qui rerum. Similique porro ipsum rerum beatae voluptatibus rerum est. Et molestiae ullam aliquam autem. Ipsam quidem est quas accusantium. Quia necessitatibus autem sit esse. Nobis enim repellat exercitationem cum. Optio eligendi odio sint aut ullam harum est. Eveniet eligendi vero animi rerum cumque. Quia laboriosam et odio quos sed occaecati facilis. Labore rem qui modi eos dolorum nihil quasi. Eum quo iusto quisquam illum dicta. Porro praesentium nostrum dolores inventore. Non et quaerat ad aut quos quia non. Sint unde est qui dignissimos qui. Aut numquam exercitationem voluptate voluptate odit unde voluptas quae. Fuga ut modi pariatur quam cupiditate. Veritatis autem itaque aspernatur omnis vel. Iure excepturi voluptates libero quasi alias adipisci id laudantium. Non sapiente optio et minus sed modi ea tempora. Qui assumenda debitis et.', 'https://via.placeholder.com/640x480.png/00cc22?text=voluptates', 2, NULL, NULL),
	(67, 'Qui odit a facere quae sed expedita. Eaque illum sed non qui et vitae. Odio est maxime dolore aliquam consequuntur tenetur eligendi dignissimos. Numquam aperiam ducimus sint nam.', 'Unde aut aut et ut. Qui magnam nihil voluptas perspiciatis distinctio voluptatem. Eveniet quia deserunt eos qui sed. Quasi neque enim numquam ut ea culpa. Fuga earum atque alias officia quis et. Nisi atque vel et dolore sit. Occaecati eos voluptas quaerat ex sed corrupti incidunt.', 'Nulla eum sit nisi voluptatibus provident. At necessitatibus nisi dolor quaerat iusto qui corrupti. Optio odit accusantium eius similique. Ad illo et exercitationem aut facilis qui veritatis. Voluptate asperiores beatae sint. Incidunt modi reprehenderit est. Labore unde autem aliquid sed qui. Suscipit eos eius perferendis nesciunt doloremque sed nulla soluta. Aliquam accusantium nihil nihil et adipisci ex. Beatae earum consequatur eum. Qui dolores a hic a. Delectus reprehenderit qui non. Similique esse exercitationem aliquam quaerat et. At quas deserunt adipisci perspiciatis tempore sint dolor. Dolor sed aut placeat doloribus fugiat quo. Voluptatem tempore rerum aut. Voluptatem nihil deleniti dolor atque. Aut et ab nobis eligendi hic perferendis. Qui fuga dolorem voluptatem est sint harum.', 'https://via.placeholder.com/640x480.png/00ff22?text=pariatur', 1, NULL, NULL),
	(68, 'Distinctio ipsam tenetur et earum atque sit. Quae quia nemo fugiat. Et aperiam eveniet cum. Molestias et quia itaque iste ipsum dolores minus. Recusandae dignissimos veniam et eos harum molestias. Sunt sunt minima assumenda sit a iure.', 'Voluptatum natus incidunt rem qui. Vitae suscipit inventore sint et beatae minus amet. Accusantium voluptas porro nesciunt deserunt sit et. Corporis aut incidunt delectus repellendus eligendi. Vel ut expedita quo nihil. Natus incidunt esse perspiciatis tenetur expedita pariatur dolor. Nemo repudiandae ab quaerat. Asperiores quia nemo blanditiis accusamus odit.', 'Maiores et aut minima. Culpa rem itaque cupiditate dignissimos dolor beatae dolor numquam. Et laboriosam nemo quo ducimus voluptas ea consequuntur. Eveniet et corrupti omnis ut. Enim qui ipsam debitis quaerat ex. Pariatur repellat suscipit tenetur sunt eum. Quo possimus placeat voluptatem aut beatae. Nihil adipisci sit beatae a a ut. Voluptatem velit non et quo dicta velit. Et ex iusto ex dolores omnis corrupti. Eos fuga soluta perferendis quae perferendis reiciendis. Enim a voluptatem neque doloremque officia. Tempore cum asperiores deserunt recusandae. Omnis reiciendis quae exercitationem. Et sed aperiam quos voluptate omnis eos ipsam. Eos nostrum similique eum sit voluptatibus consequuntur deserunt. Quasi blanditiis enim et aspernatur expedita. Eum nesciunt aliquam fugit. Consequatur alias voluptatum dolore aut dolor.', 'https://via.placeholder.com/640x480.png/003388?text=facere', 6, NULL, NULL),
	(69, 'Quibusdam excepturi nam cupiditate et error ut. Numquam et rerum quaerat ea aut minima enim. Quo voluptatibus quae nam veritatis eos doloremque.', 'Rem magnam odio vel molestiae aut. Ut dolorum debitis quo. Maxime sit voluptatum assumenda. Autem architecto eos consequatur. Omnis aut accusantium est facilis et voluptatem sint. Dolores praesentium autem odit ipsa.', 'Dolorem vitae sapiente ut eaque. Aut explicabo non et et. Doloremque tempora eos magni ut vel qui nihil. Vel est ipsum magnam est. Omnis odit culpa id aut rerum consectetur ex harum. Commodi ut dolor harum laboriosam. Qui maiores et amet quaerat inventore enim voluptas. Eveniet velit dolores aut libero voluptas sit qui. Est repellendus aut aut aut. Quia aut eum odio sit. Officia voluptatem eveniet atque dolores. Perferendis voluptatem ut ipsam ut rem suscipit consequatur. Aut qui eum pariatur. Est debitis est harum tempore qui. Sapiente omnis sunt qui reprehenderit nobis et. Dolorem voluptatum aut quasi nostrum quibusdam distinctio. Distinctio quo molestiae tempora similique. Itaque eligendi sed est sit doloribus. Quod velit est est eius placeat. Rerum repellendus enim neque impedit illum nulla non quae. Saepe aperiam tempora eaque reiciendis blanditiis. Esse ducimus quis rerum tempore. Est voluptatem ipsum voluptatem ipsam non. Magni tenetur voluptas iusto vel sit sunt eum autem.', 'https://via.placeholder.com/640x480.png/002277?text=autem', 7, NULL, NULL),
	(70, 'Alias est consequatur rerum quis. Nisi est perferendis magnam illum quod est accusamus. Velit quia voluptas rerum quasi alias dolor fuga. Quia vitae possimus nihil dignissimos. Dignissimos voluptas modi quaerat odit sed.', 'Ratione voluptatem et laborum quasi excepturi. Ipsa beatae et enim ipsa enim quo voluptatum veritatis. Id possimus eveniet eveniet quia asperiores. Laboriosam totam maxime minus illo sapiente.', 'Enim quis neque rerum vitae. Saepe similique dolorum nisi enim eveniet praesentium laborum porro. Ipsum facere suscipit ab. Eaque earum amet consequatur voluptates quos saepe sunt eum. Accusamus repudiandae et reiciendis voluptatum sit fugit reiciendis. Quo illo culpa eligendi velit molestias. Pariatur laboriosam iusto molestiae quia rerum. Doloremque quia ut et. Qui quia veniam nesciunt dolorem facilis nihil. Maxime numquam velit ullam. Voluptas dolores nemo vel tenetur neque et. Unde eos rerum tempora repellendus aliquid laboriosam quisquam quas. Perferendis cumque et laborum aliquid fugit tempore qui. Molestiae doloremque eaque in quam amet. Magni ut est voluptatem. Tempore dicta odio sed vel. Illo deleniti ipsa impedit nam possimus placeat expedita dolorum. Non veritatis assumenda similique nobis omnis beatae sint. Totam ipsam quis dolor velit sit reiciendis sunt. Blanditiis debitis delectus error nihil et quis. Hic est suscipit a vel labore. Aut dolores qui in voluptas sed.', 'https://via.placeholder.com/640x480.png/00ee00?text=molestiae', 5, NULL, NULL),
	(71, 'Ad a cumque minus velit quae sequi at. Et ut incidunt sapiente distinctio rem pariatur. Laboriosam quia nulla quo illo voluptatem a autem. Vel doloribus corporis culpa ut iusto et facere.', 'Et molestiae officia veniam quis vel. Non vero ea accusamus explicabo. Ratione dolores odit quo natus. Reiciendis dolores dolores unde aut. Culpa incidunt reprehenderit recusandae explicabo. Dolor aliquid culpa assumenda excepturi temporibus. Et voluptatem ea exercitationem repellat. Nihil reprehenderit odio in tempore reprehenderit dolores.', 'In omnis porro magni et fuga et. Dolorem laborum est consequatur nihil amet autem modi. Nihil amet rerum distinctio id cumque non. Doloremque quis quisquam corporis maiores asperiores. Soluta voluptate dolorum nesciunt quam ut minima. Occaecati et natus odio aliquid facere. Quo reiciendis eius harum aspernatur aut minus. Repellat voluptas voluptas id velit fugit perferendis. Harum veniam cum culpa quaerat. Repudiandae beatae dolores debitis quia reprehenderit dolorem totam. Eius nihil quis consequatur voluptas et eaque quos. Ullam vitae delectus sunt est sequi sint rerum. Sed maiores voluptatem voluptatem. Voluptatum in aspernatur quo fugiat illo voluptas. Eos sequi veniam incidunt nihil dolore animi repellendus. Inventore quam ipsam velit est soluta. Odio et dolorem ad sunt optio architecto. Laboriosam non autem consequatur et consectetur dolores recusandae et. Mollitia praesentium et ut quibusdam. Praesentium minima exercitationem quibusdam beatae neque hic.', 'https://via.placeholder.com/640x480.png/0055dd?text=sint', 6, NULL, NULL),
	(72, 'Id laudantium voluptatum ex magnam. Ut porro officiis reiciendis qui quis non vel et. Sit pariatur voluptatem ut maxime nisi neque ex.', 'Enim ipsa dignissimos autem molestiae repellendus adipisci. Sit ipsam repudiandae exercitationem et est quasi. Et veritatis voluptatem qui voluptas quia et quam. Commodi eveniet cum dignissimos explicabo. Voluptatum eos temporibus et reiciendis quos ratione enim. Excepturi facere est soluta vitae et. Sed nihil corporis nesciunt recusandae inventore eos numquam.', 'Dolores ut numquam dolorum aut vero inventore autem. Voluptate est optio rerum et inventore. Et voluptate et et minus ad aliquam ut. Iusto odit dicta eveniet animi. Modi exercitationem dolorem aliquam et et ea iste. Veniam sint id dolor. Minima et illo et facilis eos at. Provident eligendi vel aut voluptatem hic tenetur aut. Illo aut sit quae fugit voluptatem voluptatibus velit ad. Dolores velit non numquam nesciunt nemo exercitationem. At cumque minus harum. Fugiat debitis et iure velit et est beatae. Eum voluptatum officia voluptatem in quaerat dolor eaque. Corrupti ut veniam iste inventore quaerat distinctio qui. Officia quia culpa doloremque minus iusto nulla. Corporis delectus exercitationem quibusdam rerum commodi maiores exercitationem. Expedita omnis officiis a eius rerum. Aut sed velit voluptatem sit non et. Ipsam quos a autem deleniti. Illo voluptas voluptas omnis voluptatem vel nam. Eos tempora beatae sit et.', 'https://via.placeholder.com/640x480.png/00ffdd?text=vitae', 10, NULL, NULL),
	(73, 'Occaecati perferendis accusamus distinctio nesciunt aliquam. Accusantium est ut qui necessitatibus ad tempora harum. Accusamus ut non nihil doloremque natus.', 'Quae accusamus mollitia eveniet asperiores tempore eos nihil quo. Perspiciatis soluta provident nam doloribus dolorem reiciendis adipisci. Est assumenda possimus perferendis.', 'Ipsa occaecati ut aperiam quia beatae quam voluptatum. Mollitia sunt sapiente et voluptatibus inventore. Dicta quo occaecati blanditiis ut. Aperiam perspiciatis officiis est. Ex sint rerum magni ut minus. Est enim alias quibusdam adipisci ratione. Inventore quos quam aperiam eos consequatur aut. Iusto quidem sit beatae nostrum quidem ullam non. Dicta et dolores quae ea sed ut. Saepe nulla perferendis non a commodi ad nam culpa. Consequuntur aut sapiente voluptatem aspernatur eum deserunt maiores. Voluptatem et rerum accusantium non. Quia nulla similique velit quas dolor. Provident ipsum aut impedit quasi. Nisi illum rem optio reiciendis voluptatum fugit. Tempora autem sint adipisci ipsa ea. Ducimus nemo dolore expedita nesciunt dolores eligendi. Non ipsam sapiente dolores blanditiis dolor quisquam assumenda. Impedit minima in commodi laudantium nostrum itaque et. Ut mollitia perspiciatis aliquid incidunt quo perspiciatis. Sit sit veniam quasi consequatur.', 'https://via.placeholder.com/640x480.png/00bb22?text=et', 10, NULL, NULL),
	(74, 'Libero expedita et ullam non rerum minima velit quisquam. Sunt deserunt dolorem facere soluta. Excepturi tenetur quia nihil.', 'Possimus voluptatum expedita quam ullam deleniti. Recusandae tenetur quia corrupti adipisci provident quia. Deleniti blanditiis labore dolorem repellendus. Repudiandae iusto quo id ab est modi corporis occaecati.', 'Sed voluptate dolorem neque ad. Corporis qui quia eum et totam qui. Dolore eaque beatae ab architecto consequatur repellendus. Et dolor nemo animi magnam veritatis beatae. Consequatur et sunt deleniti ipsum. Ut est ex odit sint nisi corporis. Et sit earum sed omnis et expedita nulla. Sit omnis reprehenderit asperiores in minus accusantium assumenda. Exercitationem quia nihil asperiores eius voluptas voluptatibus. Neque fuga quis quis dolorum tempora. Omnis nisi omnis sit tenetur voluptatibus porro. Nobis animi quidem rerum aut a vel sed. Tempore et non ut hic neque omnis. Voluptates nihil error facilis atque aut vel tenetur. Quidem sit deserunt quisquam. Nulla omnis nemo cum necessitatibus illo nulla deleniti. Exercitationem inventore ea soluta. Sapiente saepe temporibus vitae qui. Eveniet dignissimos qui labore laudantium sequi commodi. Omnis qui est omnis sit.', 'https://via.placeholder.com/640x480.png/009911?text=dolorum', 6, NULL, NULL),
	(75, 'Enim tenetur sint illum modi. Perspiciatis eum rerum eos hic excepturi et.', 'Placeat voluptas expedita voluptates temporibus vitae debitis. Vel atque qui qui ipsam tempora ipsam eligendi quos. Doloremque modi quisquam nemo atque aspernatur voluptate quis natus. Eum quia quis animi. Non quo quia consequatur quas distinctio voluptas qui. Iste maiores ut voluptas adipisci voluptates odio. Reiciendis voluptate fuga debitis vel voluptatem dolorem iusto. Fugit eius ea et quia.', 'Et quis hic voluptatem et. Error molestiae ea dolorem labore nobis reprehenderit. Modi et velit ipsa. Eos cum nisi rerum voluptas dignissimos dolores tenetur. Eos cum placeat tenetur corporis ut laboriosam et deleniti. Officia corrupti veritatis modi iste sit. Excepturi fuga necessitatibus explicabo quaerat esse. Reprehenderit ullam itaque quasi a quod. Sapiente vel eos et vitae deserunt accusamus ipsum. Doloribus consequatur qui voluptatibus occaecati. Aut corporis autem eaque repellat. Eum hic occaecati est rerum. Similique occaecati consequuntur cum sint qui. Provident fuga veniam fuga adipisci aut sint. Vero quo voluptas odit enim non provident in. Consequatur molestiae ex sunt ipsa nihil. Et explicabo omnis autem at qui. Voluptate quas sint minus nesciunt quis. Exercitationem voluptas alias veritatis reiciendis magnam provident. Ea incidunt aspernatur sequi. Aut tenetur voluptas quo sint. Autem nobis sunt nostrum quod.', 'https://via.placeholder.com/640x480.png/00aadd?text=et', 9, NULL, NULL),
	(76, 'Aut sed dolorum quisquam rerum. Aliquam debitis et doloremque autem aperiam qui. Nihil cupiditate vel earum. Maiores veniam dolorem sint et qui.', 'Et vitae neque eaque quis magnam dolor. Maxime et sed laboriosam fugiat. Dignissimos animi consequuntur et unde quis. Vel doloremque aut est quis voluptas ipsa. Doloribus natus voluptatum aut doloremque sed ut. Ut et sunt nam itaque. Magni blanditiis optio totam quod ipsam.', 'Veniam eos quia accusantium. Error tempore autem dolorem quo aut illum. Eaque est ipsam quis amet. Rerum ut rerum est nemo. Est aliquam nam est cupiditate et occaecati. Tempora ex et enim aspernatur aut in velit. Voluptas quo eos sit. Doloribus qui sit praesentium optio. Qui voluptatem accusantium libero ipsa aut accusantium. Soluta excepturi inventore iste quisquam. Autem in pariatur eum quos id id nesciunt. Recusandae sed est magnam voluptas cum eveniet. Quidem numquam amet hic magnam atque esse. Rerum voluptatum unde et dolorem. Ut quo ducimus voluptas. Facere accusantium suscipit qui dignissimos error ut. Libero reprehenderit dolorum non fugit. Aspernatur molestiae minima ut facilis porro ipsa ipsa. Sed dolores quis ut. Doloremque molestiae dolorum qui sunt et quis qui. Facere cupiditate iure aliquam qui est vero blanditiis. Ab tempora consequatur autem voluptate quia numquam maiores. Officiis voluptatum temporibus perspiciatis delectus in. Praesentium voluptatem reprehenderit et.', 'https://via.placeholder.com/640x480.png/00bbff?text=aliquid', 5, NULL, NULL),
	(77, 'In unde deleniti labore tenetur. Nobis harum sint laudantium. Provident possimus officia voluptas sed aliquid voluptates impedit totam. Sunt aliquam sed nisi est est. Est non hic aut illo sunt.', 'Dignissimos suscipit provident et perspiciatis vitae. Et ratione voluptatem dolorem est est natus. Ducimus error numquam et nulla. Quo voluptates adipisci exercitationem facere laudantium voluptate tempora. Sint earum maiores ducimus ducimus ab. Est vel reiciendis explicabo atque debitis quae animi. Sint ipsum voluptate fugit voluptas.', 'Qui voluptatibus eligendi eligendi sequi omnis nisi. Natus quos ut cum aut dolorem et. Fugit id culpa et voluptatem ut. Accusamus in fuga soluta odit beatae. Quaerat saepe iure id eos saepe eveniet. Vero ea repellendus dolores et nihil cum occaecati. Consectetur qui enim ab ut totam. Sit mollitia eos voluptatem vel enim et. Dolores facere a saepe impedit est corrupti. Consectetur saepe alias dolorem qui rem corrupti deserunt. Et voluptatem est enim aut voluptatibus accusamus sint. Et qui voluptates natus voluptas qui. Aut sequi qui provident possimus modi. Cupiditate hic aut tempora neque sequi. Modi totam tenetur ipsam repellat voluptatum accusamus aut omnis. Rerum tenetur iusto unde saepe blanditiis ipsa. At aut dignissimos in mollitia voluptate quis ducimus dolore. Animi omnis et sit ut. Eum dolorem libero ut aut. Suscipit corrupti harum dolorem vel assumenda ut et. Quas ad ut accusamus ea officia ipsa.', 'https://via.placeholder.com/640x480.png/00aa66?text=iste', 7, NULL, NULL),
	(78, 'Aut aliquam quasi excepturi aut doloremque. Molestiae eveniet quaerat assumenda eveniet suscipit aut facere. Culpa accusantium molestiae officiis modi voluptas. Aut iure non qui.', 'Laborum officia eaque est quas qui sed fugit sunt. Nihil impedit consequatur qui unde dicta iusto. Quo modi sed reiciendis est. Reprehenderit quia consequatur est eligendi aliquid saepe sed. Dolore autem nobis sint iste. Cumque optio repudiandae doloremque sapiente. Ut explicabo fugiat similique cum. Ut possimus dolore officia animi natus.', 'Ipsa consequatur eos iure. Aut fugit earum rerum qui quia. Nihil optio reiciendis maxime. Eveniet molestias rerum ut id. Facilis ut officia sapiente optio explicabo. Enim sed aliquid et nemo nostrum. Nemo exercitationem nobis nulla fugiat porro impedit quia. Assumenda qui repudiandae libero dolores dicta. Eum et voluptatem praesentium velit molestiae. Adipisci numquam qui temporibus nobis. Necessitatibus sequi mollitia repellendus ab omnis omnis. Odit repellat voluptatem eos eius quisquam. Minima maiores officiis alias vitae vitae aut rerum. Itaque illo ad sed laudantium reprehenderit reiciendis sunt sit. Esse dolores distinctio consequuntur numquam. Qui qui deleniti repudiandae ipsam et optio nihil. Molestiae vero sit deleniti ea. Non autem aut quaerat nisi et. Nemo earum dicta ut ipsa quia. Amet praesentium sit inventore. Voluptatum ipsam eos aut est. Eum voluptatem fuga sit provident excepturi sint labore.', 'https://via.placeholder.com/640x480.png/001100?text=ullam', 9, NULL, NULL),
	(79, 'Natus aperiam exercitationem nulla numquam quisquam assumenda est. Nihil doloremque natus quae voluptas. Hic possimus at commodi doloribus velit quidem. Facere rerum rem similique. Hic voluptas iste cum autem.', 'Dolorem beatae in quia omnis. Facere deleniti amet vero praesentium laudantium sed qui. Nulla veniam ut assumenda aperiam accusantium. Suscipit et qui enim et id laboriosam. Dolores minus laborum ullam ea voluptatem. Omnis nemo maiores ipsum.', 'Velit iste fugiat laborum et dolores est. Aut voluptas culpa praesentium fuga autem dolore. Dolore nulla repellat a harum et eaque. Minus soluta magnam dolorum sit tempora. Amet commodi et provident quia quo harum vitae quasi. Et amet a alias. Non mollitia tenetur atque fugiat voluptatem in nihil. Et culpa porro vel doloribus. Quod molestiae eum laboriosam ipsam alias in facere. Qui vitae asperiores culpa sed assumenda a sed. Nobis molestias sed tenetur fugit eaque ad debitis. Excepturi dignissimos ea porro placeat architecto. Pariatur est ab nulla quos similique consequatur. Totam magni quis qui quo et sequi. Dolor quo et autem vitae pariatur recusandae. Quasi provident non sit quo est consequatur. Nisi unde quos autem eum provident. Temporibus illum esse non consequuntur. Quibusdam veritatis alias dolor laudantium. Rerum qui officia voluptatem ut. Ut dolore deserunt qui rerum repellat. Possimus sapiente dolorem aut laboriosam. Neque omnis quam vel voluptas ad.', 'https://via.placeholder.com/640x480.png/0022ee?text=impedit', 2, NULL, NULL),
	(80, 'Aut saepe autem est. Provident voluptates reiciendis et consequatur. Iusto repellat aliquam molestiae voluptate sed excepturi. Voluptas harum recusandae quae.', 'Velit qui neque nemo et. Alias atque numquam ab praesentium doloremque. Voluptatem delectus aperiam enim sint nihil provident. Qui aut quos fugit porro vitae dignissimos ea laboriosam. Aut magnam repellat officiis qui. Modi est sed et quibusdam velit neque. Blanditiis ea ea reprehenderit quas et quasi.', 'Sequi aliquid est quam sequi consequatur laborum. Ut quae non officiis porro eligendi iure voluptate. Est aliquid aut et hic impedit omnis. Adipisci eaque culpa tenetur dolorem quis qui sequi. Dolor quasi non quaerat est consequuntur fugiat. Qui tempora voluptatum quibusdam voluptas in suscipit quibusdam. Vel odio autem eaque rerum qui vitae dolor. Aut recusandae nulla aspernatur magnam odit rem rerum suscipit. Porro commodi omnis modi reiciendis distinctio eos optio. At velit nisi architecto voluptatibus possimus et. Earum in omnis autem quia. Deserunt voluptatum quo officiis ipsa doloremque culpa ullam. Est dolores aut ut ipsa. Inventore nam in quibusdam aut eum. Beatae ut qui nulla minus. Sunt laudantium dolor molestiae quidem voluptas aspernatur corrupti. Ratione maiores sed sequi fugiat. Quis impedit sunt iusto a aut. Et explicabo officia illum.', 'https://via.placeholder.com/640x480.png/00cc33?text=animi', 4, NULL, NULL),
	(81, 'In quas nemo non eligendi quis et. At et modi sapiente est autem ea id. Debitis dolores consequatur mollitia est voluptatem porro.', 'Aut quisquam nulla quasi fuga. Quaerat perspiciatis rerum quas unde in optio consequatur ipsa. Quia ut ut amet voluptatum. In enim occaecati error perferendis ex ex reiciendis. Ipsum deleniti aliquid perspiciatis aliquid pariatur et sed.', 'Esse necessitatibus dolorem in consequuntur assumenda eius vitae. Sed autem architecto voluptatum rerum consectetur dolores vel. Placeat perspiciatis ducimus nostrum at sed quia. Voluptatibus praesentium voluptatem aut veritatis dicta quas quo. Voluptatum pariatur qui hic est nihil nemo. Enim sapiente aut in esse doloribus ut illum. Id veniam maxime voluptas. Eos est harum facere voluptates molestiae qui vero. Dolores cum aspernatur commodi voluptatum labore. Harum voluptatum voluptates repellendus dolorem. Et necessitatibus debitis dolor. Quis incidunt quo praesentium. Rem est ea sunt eos quia qui dolorum. Qui maiores sunt cupiditate incidunt. Itaque iure iste et alias a. Ut asperiores eum praesentium nulla tempora. Incidunt praesentium est autem consequatur unde quas sapiente. Reprehenderit officiis voluptates similique quas ratione vitae aut. Illum cum est in deleniti reprehenderit quibusdam eligendi. Eveniet recusandae delectus quis similique dolores.', 'https://via.placeholder.com/640x480.png/0055aa?text=illum', 6, NULL, NULL),
	(82, 'Incidunt dignissimos necessitatibus aut deserunt officiis et atque laudantium. Consequatur nihil repellendus eos ad tenetur. Sint perferendis quisquam magni in sunt hic.', 'Commodi adipisci ut laboriosam aspernatur voluptas eius. Optio dolorum nam tenetur voluptates consequuntur. Consectetur blanditiis totam ducimus adipisci eum alias. Occaecati aut nostrum aliquid aliquam non ipsam rem rerum. Consequatur possimus tempora nisi dolorum inventore ducimus. Molestias ab vel excepturi qui porro voluptates. Impedit qui autem et quidem eum dolores molestias quasi.', 'Explicabo delectus ipsum explicabo laborum quibusdam porro. Sed deserunt iure vero harum quo dolores aut facere. Ratione delectus harum in aut sed. Eligendi aut assumenda reiciendis est culpa qui provident. Velit perspiciatis provident dolores nisi necessitatibus. Fuga consequatur enim voluptas modi. Et enim est vitae esse laudantium. Ipsam ratione quia sint assumenda. Nulla sit neque ut quia corrupti expedita consequatur. Reiciendis assumenda pariatur quia deleniti quo est quisquam omnis. Sapiente id sed maxime ab qui beatae molestiae dolores. Maxime et eveniet unde ea reiciendis natus. Consequatur laborum omnis quisquam fugit veritatis culpa iste. Aliquid aperiam saepe autem incidunt fugiat. Tempora quia quasi omnis laboriosam corporis distinctio quo. Harum animi eum ad repudiandae ex neque. Aut voluptas perferendis est corporis iste. Modi ut fuga repellat vitae quam ab. Aliquam ea dolorem qui temporibus.', 'https://via.placeholder.com/640x480.png/00dddd?text=ea', 2, NULL, NULL),
	(83, 'Aut doloribus aliquam reiciendis omnis. Earum quisquam id eveniet ut et. Maiores ab voluptatem laboriosam laudantium. Perferendis cum sequi quia minus. Mollitia voluptates repudiandae aliquam accusamus. Eveniet non quod ullam molestiae.', 'Repellendus non voluptas sunt voluptatem dignissimos sit deleniti. Quisquam ipsam velit voluptas. Iste et et blanditiis vero omnis non dolores quibusdam. Fuga amet enim beatae aut autem inventore eligendi. Voluptatem enim animi sed. Incidunt vero ea soluta qui alias.', 'Consectetur velit voluptas vero quam atque vero. Rem unde ipsam quibusdam harum sit. A rem a repudiandae omnis iure error voluptatem harum. Aut delectus commodi ut dolores nemo expedita itaque. Omnis velit quis quod blanditiis ipsa animi eveniet. Sit amet est molestias odio harum. Facere quidem aliquid voluptatem eaque magni perferendis error. Omnis ratione est consequatur. Voluptatem quia ipsam quaerat nulla rerum error rem nulla. Qui voluptatem quas in laborum aut exercitationem ipsum. Optio amet accusamus soluta sunt amet illo. Fugiat aspernatur nihil sit repudiandae quos recusandae et. Qui laudantium fugit et recusandae molestiae qui laborum dolore. Est nostrum minima nemo aut voluptas alias repudiandae. Rerum facilis quia ut reiciendis exercitationem voluptatem magnam. Labore ullam cum ipsam repudiandae vero cupiditate quae. Voluptas culpa non ex officia.', 'https://via.placeholder.com/640x480.png/002222?text=beatae', 6, NULL, NULL),
	(84, 'Sapiente sapiente autem voluptatem ducimus id velit quia commodi. Quo ut minima earum cumque provident beatae. Est facere vel impedit dignissimos quo enim sequi. Et labore est et.', 'Sequi ut consequatur nam culpa perspiciatis doloremque est. Quia amet et eos consequatur ea nesciunt quod. Ea vel dolores consequatur corporis dolor. Porro velit est inventore dolor optio veritatis voluptatibus. Voluptatem facilis sed quod cumque incidunt sint consequatur. Non enim libero omnis ex. Distinctio sit et sunt modi ullam asperiores iste. Ratione est aut excepturi ullam nisi et sunt.', 'Nesciunt id et et ipsam. Deleniti temporibus voluptatum molestiae inventore. Fuga totam consequatur consequatur quaerat amet nulla. Voluptatum aut eos voluptatem sit qui quas veritatis et. Similique corrupti in excepturi non quas. Quia ut id cum aut quis a. Dolore et suscipit hic iure facere et occaecati. Quia et inventore voluptas. Cumque saepe nostrum ut velit voluptatibus ipsa. Ut provident ratione doloribus deserunt repellendus et occaecati. Qui molestias consectetur consequatur sequi modi tempore maxime cupiditate. Vitae sapiente ut quo deserunt mollitia hic. Vel est eligendi corrupti at. Possimus minima error consequatur omnis delectus voluptas nihil sit. Aspernatur quas quia quo perferendis vero ipsa quaerat voluptatum. Quod aut distinctio omnis aut laudantium quo in. Nihil ratione nesciunt voluptatem aperiam. Minima tenetur rerum ut aut aperiam qui. Explicabo ut consequuntur ut.', 'https://via.placeholder.com/640x480.png/008866?text=eos', 10, NULL, NULL),
	(85, 'Consectetur deleniti illum repudiandae reprehenderit laborum. Et laudantium sint omnis reiciendis nisi. Dolores voluptate id quae ab illo distinctio.', 'Sit quod consectetur vel pariatur iste ut. Ea at iure sunt exercitationem quas. Ut sed dolorem debitis non tempora. Ut unde earum in qui sequi est. Aliquam nihil eius voluptatem non quos earum optio. Odit corrupti occaecati autem minus. Expedita libero deleniti suscipit fuga quaerat amet porro. Et iusto maxime et qui cupiditate repellendus commodi.', 'Aut neque ea accusamus itaque eos et omnis reiciendis. Praesentium qui veritatis soluta tempore velit ut. Hic repellat quo sint non. At voluptas omnis et. Minima reprehenderit assumenda natus illo doloremque nemo debitis. Tempore eveniet molestiae possimus rerum sunt doloremque quis. Iste temporibus odit placeat. Recusandae dolore non aperiam sint quo ut. Ratione minus velit molestias et. Officia in ut voluptatem dicta dolores a officia. Sunt et libero qui reprehenderit eius corporis aut. Assumenda voluptatem dolor amet est amet non tenetur. Saepe quisquam velit voluptatem minus dolores. Dicta deserunt sed nostrum temporibus sint doloremque. Aut sunt fuga non consequatur consequatur iusto sunt voluptatem. Quo tempora voluptatem iure tempora eligendi error officia. Ut recusandae eum explicabo laboriosam. Quaerat aut eaque odit cupiditate. Ad iure ducimus labore voluptas animi vel commodi sit. Rem possimus aperiam mollitia molestiae impedit quis est.', 'https://via.placeholder.com/640x480.png/0066cc?text=ea', 4, NULL, NULL),
	(86, 'Illo et et consequatur error ratione ut et. Voluptatibus et labore labore quod est praesentium. Aspernatur qui aliquam sed consequatur quis ut voluptate.', 'Perferendis modi ipsa optio aut esse. Ullam optio amet itaque quisquam ad. Velit ab voluptatibus quis ullam velit. Necessitatibus quis corporis et voluptas culpa qui molestiae a. Aut id facilis officiis quod. Nihil quasi ut molestiae quia. Iste laborum molestiae eum dolorem aperiam eligendi saepe.', 'Non facere et ab vitae. Pariatur possimus quasi ut libero unde ut doloribus omnis. Nesciunt tempore sint voluptas hic. Ab esse minus natus ut est aut. Officia facere eaque ab. Architecto aspernatur dolores cupiditate neque qui dolorem sit odit. Non amet ipsam ut est natus. Voluptas quasi odit ratione inventore iste aspernatur ratione. Et accusamus et ducimus sunt id perferendis neque. In eius quam ab quia ea eos. Rerum in culpa dolores perferendis laudantium aut. Deleniti et eos cupiditate veniam. Ut corrupti voluptatem repellat est. Sint repudiandae reiciendis maiores quo aut saepe quia. Inventore nemo repellendus dolor cupiditate. Cumque est iste voluptatem praesentium. Nisi eius nostrum doloribus ex expedita illum amet. Et ratione maiores ut illum tempore nihil. Aut rerum aut corporis culpa omnis nihil reprehenderit ut. Aut facilis nesciunt voluptas asperiores ad saepe velit. Eaque neque delectus et laborum dignissimos id.', 'https://via.placeholder.com/640x480.png/00eeee?text=aut', 8, NULL, NULL),
	(87, 'Commodi officiis quis aspernatur architecto beatae architecto. Sed consequuntur recusandae possimus illum id non. Suscipit minus aut aut. Tempore fuga corrupti aut.', 'Commodi quia voluptatem iste maxime odit voluptas. Vel et expedita distinctio ut quaerat. Nostrum quia qui magni et rerum. Asperiores dolorem ipsum ut atque nisi. In perferendis aut odit ut eligendi numquam ea. Rerum aut tenetur culpa.', 'Rem laborum possimus id delectus qui minima ipsam et. Sapiente quas dolores qui est. Expedita voluptatem voluptates fugiat est. Dolor suscipit omnis ratione eos vitae accusantium cum harum. Quis qui in aliquam ipsam sequi est doloremque. Sit natus sit deleniti neque. Quas magni voluptatum similique fugit. Nulla ut nulla veniam voluptatem enim provident. Quia consequatur impedit iure omnis laborum. Quisquam neque eaque nemo dolorem error dolorem consequuntur. Et molestiae corporis officia optio. Inventore cumque possimus qui sequi ipsum est. Ut nulla qui delectus illum magnam officiis vel. Doloremque voluptas excepturi laudantium alias vel eius et vitae. Asperiores error facere ipsa voluptatem ea laboriosam. Eum sit eos qui saepe. Et autem ex quibusdam eos quas veritatis suscipit. Tempore et ullam voluptates adipisci quia molestiae atque. Qui illo ea sit temporibus sed. Ratione rerum error debitis est inventore earum.', 'https://via.placeholder.com/640x480.png/00aa88?text=voluptate', 5, NULL, NULL),
	(88, 'Nam suscipit nulla sunt aut mollitia facilis dolores officiis. Minima est maxime distinctio repellat vitae aliquid facilis. Sunt enim qui nobis.', 'Quis ad amet nam incidunt quibusdam. Autem eveniet sed sit id adipisci ut est. Et rem aut beatae quos. Laboriosam aut sit aut blanditiis. Tempore dolorum magni consectetur veritatis distinctio sit. Totam quas quia iste. Voluptas cum earum veniam expedita temporibus minus architecto.', 'Minus ipsum atque sit optio dignissimos. Et laborum dolor facere molestias. Pariatur aliquid alias quam molestiae quae ab sint. Error aut repellat inventore praesentium qui consequatur. Voluptas quo sit quibusdam voluptatibus in temporibus. Fuga occaecati eligendi tenetur eius. Porro impedit quia consectetur et accusantium eum praesentium vitae. Atque enim recusandae quam minus tempore distinctio dolore. Ipsum possimus et maiores. Magnam perspiciatis quidem distinctio enim et qui nulla. Est quis laboriosam consequatur minus ratione numquam necessitatibus. Quas perferendis voluptatibus sed atque commodi ducimus. Ea perspiciatis vel non ex quis vel. Quae impedit quo aliquam doloribus qui laboriosam qui commodi. Nesciunt quis fugit alias maxime vel aut similique quis. Quia illo laboriosam asperiores eos est quis voluptas. In autem voluptatum quidem ipsam. Deserunt laboriosam magni autem. Aut in excepturi iure numquam est deserunt. Voluptatibus aut voluptates quia.', 'https://via.placeholder.com/640x480.png/00dd22?text=ducimus', 1, NULL, NULL),
	(89, 'Aut incidunt nulla eos aliquid adipisci. Est eum alias et soluta praesentium distinctio illo omnis.', 'Quia autem sunt eveniet eum. Fuga magnam non aut vitae odit officia et. Inventore eaque quae quasi pariatur sequi. Velit corrupti molestiae et. Quo iste commodi assumenda natus magni. Ab aspernatur est provident facilis.', 'Cupiditate quidem et qui id explicabo quaerat quos. Eos ut fuga et cum. Minus voluptatem omnis sapiente voluptate commodi eos. Iusto qui temporibus necessitatibus consequatur ullam. Qui eos aut quia consequatur ipsam. Veniam deserunt veritatis et deleniti consequatur. Maiores debitis et quisquam. Quos sed autem commodi et. Quia quos ex nemo sint doloribus. Et odio quidem quia quia aliquid dolorem aut. Pariatur qui iure sit et unde. Et doloremque nemo magni ut tenetur eum minus. Et quidem non sunt aut vitae. Quas non deleniti porro doloribus. Reprehenderit sed inventore quo et quia maiores mollitia. Aut sed possimus accusamus natus asperiores explicabo quo. Accusantium enim excepturi consectetur magnam ut in. Praesentium et occaecati ratione exercitationem qui. Cupiditate iure sed aut voluptas id. Quia esse qui at exercitationem numquam aut. Cumque ut aliquid eligendi voluptate quaerat corporis distinctio.', 'https://via.placeholder.com/640x480.png/00dddd?text=reiciendis', 5, NULL, NULL),
	(90, 'Delectus unde animi dolorum et nobis. Debitis provident quam ea quisquam aperiam qui. Consequatur numquam repudiandae rerum quaerat ex voluptate eum. Doloremque modi sunt qui voluptas.', 'Sunt rerum voluptatum voluptatum ratione ratione enim voluptatum. Necessitatibus ab porro laudantium minus corrupti. Cum magnam odit ea officiis. Consectetur pariatur id est debitis ab. Rerum laboriosam eos aut voluptate minus distinctio et. Ut voluptas suscipit enim qui consequatur. Cumque molestiae voluptates quis sit et aut. Temporibus a inventore quisquam sed expedita illum soluta.', 'Sint sunt sit harum. Quos aut eum aspernatur ea et. Est sed et at quidem. Qui in repellat nostrum et. Incidunt dolor et ea quis ea. Facere culpa corporis soluta dolor et deleniti. Illum optio eos id. Beatae nemo velit in. Quia delectus error error. Hic perferendis aliquam asperiores eos repellat. Suscipit sed et consequuntur et qui minus delectus. Ea adipisci non qui ipsa quasi iure. Et aut omnis qui eaque. Deleniti id corporis provident dolor est laboriosam. Et eos nam velit. Voluptatibus in soluta ea. Sit eos omnis vero ut. Dolor omnis sit voluptatum vel enim recusandae. Error mollitia sit magnam vero culpa. Hic eum et laudantium neque consequatur repudiandae. Quae neque quisquam nihil sit blanditiis voluptates qui. Enim cumque tempore saepe beatae et iusto. Molestiae hic aut et qui repudiandae. Et reiciendis temporibus sint nulla. Non debitis libero atque cumque rerum ut. Ut asperiores minus similique corrupti inventore dolore. Est natus omnis quia corrupti.', 'https://via.placeholder.com/640x480.png/0011cc?text=enim', 9, NULL, NULL),
	(91, 'Quae ullam ea cum. Labore provident in vel. Accusantium enim et similique et asperiores quas. Aut occaecati enim molestiae minus iusto qui. Tempore in quo aut non. Molestiae qui consequuntur saepe et. Earum ut minima perferendis aut molestiae quia.', 'Placeat quia cum voluptatem. Labore exercitationem non numquam. Occaecati est amet ipsam. Quia ut enim doloremque ut est voluptas adipisci. Porro earum consequuntur veniam eum cupiditate id. Commodi porro assumenda nesciunt temporibus quis. Modi molestias id esse culpa. Facere nihil rerum fuga ipsa ab. Cumque rerum nihil neque et qui autem ipsa.', 'Similique quae aliquam consequuntur pariatur. Ullam iure qui nam sunt quam voluptatem. Dolor sed sit in architecto deserunt. Distinctio eos alias sed qui molestias asperiores quia. Nihil eos enim dolorem maiores recusandae magnam. Consectetur maxime ut suscipit sit. Minus perferendis a excepturi dicta. Sed dolorem consequatur ullam quae reprehenderit necessitatibus aut. Nisi dolor deleniti vitae sapiente porro. Dolorem dolor ut expedita sit similique beatae magnam nulla. Voluptatem non quam repellendus quo. Fugit fugit ipsam temporibus minus facere et qui beatae. Accusamus iste delectus porro laborum. Iste ut iste placeat velit sunt magni. Eos voluptatem rerum itaque quos maiores iusto. Voluptatibus sit soluta pariatur architecto ea velit doloremque. Doloribus voluptas harum maxime et.', 'https://via.placeholder.com/640x480.png/0066aa?text=et', 6, NULL, NULL),
	(92, 'Eos voluptate voluptatem officia porro ut dolor omnis. Enim cupiditate esse facere dolore et impedit. Pariatur voluptatem consequuntur blanditiis est velit. Eveniet quisquam porro iste autem molestiae amet non.', 'Quaerat molestias qui delectus asperiores illo qui. Neque error id voluptas. Hic adipisci aliquam architecto assumenda nihil autem. Mollitia aliquid omnis ipsum dolor. Minus architecto perferendis occaecati et et. Aut et maiores totam praesentium illum sit. Velit optio vero nihil qui architecto repudiandae ea. Praesentium repudiandae quod animi totam.', 'Rerum velit numquam est inventore modi. Rerum et officia vero quis laudantium. Impedit alias impedit ipsum. Consequatur labore harum ut nulla omnis voluptas. Deleniti voluptatem optio soluta nisi vero neque iusto blanditiis. Saepe itaque aut et voluptate nostrum sit pariatur. Ullam quia fugit dolor fugit. Officiis maxime odio at alias et. Corporis optio amet inventore quia voluptas. Reiciendis eligendi eum et. Odit commodi beatae sit quo quis deleniti. Ut ea et ea voluptatem placeat. Sapiente incidunt ut voluptatem cumque consequatur. Ratione qui itaque natus debitis. Explicabo voluptas voluptas corrupti hic nisi nemo omnis. Velit enim maiores ut dolorum voluptatem. Repudiandae sed aperiam maiores dolorem optio. Est sequi velit in inventore ad voluptatem itaque sit. Aspernatur voluptatibus odit inventore praesentium porro. Et voluptas aut maiores et. Quasi dicta iure voluptatum. Non et optio ut perspiciatis quia voluptate nam. A fuga vel laboriosam debitis inventore tempore porro.', 'https://via.placeholder.com/640x480.png/0066aa?text=dolorem', 2, NULL, NULL),
	(93, 'Et et sed qui sed autem sed. Qui perspiciatis libero dolor cum. Adipisci doloribus enim doloremque. Atque velit aliquid et laborum voluptates provident. Illum et rem delectus optio rerum voluptas eos. Cupiditate eaque consequatur saepe praesentium.', 'Magnam illum adipisci dolores quis facilis repudiandae perspiciatis. Autem omnis maxime quod. Vel voluptatibus rerum hic error rem vel. Dolorem molestias quasi quae. Eos iure odio qui sunt non sed dolor. Aut optio et voluptatibus qui minus tempora. Et doloribus aut molestias ut. Laudantium minus neque voluptatem vitae ad maiores. Dolore ipsam sed voluptatem sit fuga.', 'Illo sint architecto quos occaecati nulla. Repellendus minus et qui aut. Distinctio sunt quo unde eaque. Quasi qui consectetur tempora maiores ab est voluptas aut. Non sit consequuntur eveniet sit facilis fuga aut. Odit repellendus odio aut magni ut odit eius. Quisquam in voluptas et aut in consequatur. Hic odit quae reprehenderit exercitationem voluptatem sequi dignissimos. Provident vel numquam modi. Saepe pariatur ea unde enim ab. Eos architecto eos sit doloribus. Architecto et odit dignissimos debitis laboriosam aut sint dolor. Molestias doloribus esse soluta. Laudantium excepturi quasi laboriosam repellendus. A esse ut autem explicabo sed explicabo officiis. Non illo reiciendis commodi est minus ea. Hic nobis quae voluptas. Voluptates vero eos aut eveniet exercitationem. Architecto aut eos delectus in nihil ad id. Dicta neque quia molestiae sapiente velit voluptatibus quo. Placeat ea dolorum aperiam ut provident.', 'https://via.placeholder.com/640x480.png/001155?text=quibusdam', 10, NULL, NULL),
	(94, 'Mollitia sed cupiditate dolor nesciunt aut labore rerum. Consequuntur porro sapiente fugit impedit. Iure ipsam corporis molestias assumenda et amet aut.', 'Alias eveniet sed accusantium voluptate enim. Et nihil ea ducimus nobis quia fugiat eos. Nostrum in beatae consequatur quidem atque est numquam. Amet magnam amet similique id modi numquam. Et dolores non tenetur dolores sunt qui. Necessitatibus est itaque repudiandae quis perspiciatis.', 'Exercitationem quae molestiae omnis et ex voluptatem. Qui necessitatibus ea alias veniam quibusdam pariatur ut. Et quis tempora corrupti in. Porro nostrum sed ea vel qui velit quia eum. In necessitatibus explicabo quia quaerat voluptatem. Rerum veritatis molestias optio cumque et. Expedita saepe ut qui delectus consequuntur. Et aliquam rerum doloremque eveniet quis eum ratione veritatis. Occaecati ipsa quo asperiores sed illum saepe beatae. Mollitia impedit quaerat magnam. Dolores nihil sit fugit ullam minus. Minima corrupti est sit velit cum. In deserunt occaecati ut necessitatibus nam. Velit id non deleniti et facere aut vel quos. Quia aut omnis aut sed enim eligendi accusamus sunt. Dolor officiis itaque enim hic fugiat. Aut explicabo est aspernatur nulla in eveniet. Numquam distinctio ea consequuntur et totam blanditiis voluptatum. Omnis quos sed voluptates rerum sequi laboriosam nihil suscipit. Enim nesciunt nobis qui. Vel est dolorem quia voluptatem et hic dolore.', 'https://via.placeholder.com/640x480.png/0033bb?text=temporibus', 1, NULL, NULL),
	(95, 'Hic illo consequatur neque qui eius corrupti. Sed consequatur aut ab. Aperiam vel asperiores consequatur minus nulla aut alias.', 'Consequuntur velit laborum earum vero. Voluptas eum dolorem facilis delectus culpa. Qui sequi eos laboriosam necessitatibus. Quisquam accusantium quis cupiditate. Voluptate accusantium sint sapiente eius consequatur exercitationem in. Dignissimos et rem aut perspiciatis voluptatem dolor. Ut quia delectus dolores voluptas sunt ipsam. Illum quidem blanditiis accusantium neque.', 'Labore rem velit laudantium officiis. Repudiandae consequuntur asperiores corrupti aut est. Dolorum blanditiis vel consequatur non ut adipisci qui. Vero minima rerum enim provident reprehenderit qui accusamus. In qui numquam et. Blanditiis eos consequuntur ducimus distinctio aut suscipit. Placeat iste et laborum sed nisi ad pariatur. Esse voluptatem rerum et doloribus illum laudantium iure laudantium. Sint iure cupiditate a non ea. Tempora recusandae voluptas deserunt asperiores quia. Possimus ad et neque officia. Est eligendi aut alias est deserunt omnis. Voluptatem beatae aliquid quia iusto vel aut et. Voluptate neque ut doloribus corporis qui autem dolorem. Quibusdam explicabo harum voluptates. Cupiditate aut rerum et saepe animi eius. Rerum amet molestias sequi. Consequuntur minus aut ipsum quisquam numquam similique.', 'https://via.placeholder.com/640x480.png/006699?text=dolores', 5, NULL, NULL),
	(96, 'Est et non voluptatem dolore et aut velit. Quo dignissimos nostrum dolores rerum ut sit eius. Aut omnis aperiam quis ea.', 'Voluptate esse qui voluptates et dolorem officia deserunt. Et dolorem voluptates ullam enim rerum. Adipisci dolorum adipisci quia maiores. Consequatur sed eligendi assumenda eius delectus cumque. Quisquam ullam nam ea nam ut recusandae. Aliquam voluptas ipsa blanditiis aliquam vel. Eveniet consectetur ut sed quae delectus.', 'Deleniti adipisci tempore ab illum sunt cumque id. Amet quas unde expedita hic. Voluptatem ut cumque repellendus quis repudiandae distinctio perferendis. Quis quae quae ipsum. Suscipit repellat sint nostrum nulla modi eaque at. Ut minus quis et voluptatibus tenetur id. Cupiditate voluptas in consequuntur ducimus. Nisi amet repellendus at facere esse error. Sapiente et quis aliquid nesciunt explicabo aut. Distinctio ut dolor qui a est aut. Tempore iusto sapiente illo ut repudiandae nihil quidem. Magnam occaecati qui neque qui. Veniam reiciendis molestias blanditiis. Quam omnis in atque doloremque molestias ea. Sunt distinctio sunt deserunt voluptatem accusantium excepturi expedita. Nesciunt laborum quidem omnis enim. Tempora vel corporis nesciunt explicabo fuga. Vel quibusdam fugiat illum dolore modi laudantium. Tempore sit minus natus unde quia exercitationem at odit. Cum qui voluptatem omnis eos velit ipsam.', 'https://via.placeholder.com/640x480.png/000066?text=eaque', 2, NULL, NULL),
	(97, 'Dolore ex ex vero dolorem maiores totam repellat quos. Aut cum qui quae deserunt. Ducimus voluptatum voluptatem qui velit officiis fugiat neque. Est rerum vel corrupti facilis quo rerum quis.', 'Repellat et voluptatem molestias ipsam ut deleniti. Natus voluptatem non sunt commodi. Quaerat laboriosam officiis adipisci veritatis nihil recusandae quas. Dolor fuga et quis debitis magnam rerum. Voluptatem quae doloribus sequi. Voluptatum cum sit architecto magnam quo voluptas. Natus et velit et impedit doloremque eum dolores.', 'Eligendi atque non voluptatem nesciunt voluptatem. Id eaque quae error labore in id. Quaerat aut harum dolorum asperiores accusamus ut maxime. Non enim dolorem repellendus quod nemo neque tempora reiciendis. Est voluptas molestiae ut voluptas. Consequatur nihil tempore quis magnam velit. Blanditiis quibusdam quis et eum ullam doloribus. Eligendi deleniti labore et architecto nihil asperiores. Accusantium maiores maiores omnis totam magnam repellendus. Corporis et id eveniet. Quos reprehenderit sed eaque recusandae quidem. Non molestiae in tempora deleniti aperiam. Commodi odit eum cum quasi dolor et. Sed non ut ut est. Deleniti voluptatem eos voluptatem enim inventore. Et amet aliquid quia libero voluptatem. Sit aut blanditiis quae voluptas eos. Quia voluptatem et iure pariatur quas nulla velit. Excepturi quisquam qui veniam. Sed aut repellendus qui sed.', 'https://via.placeholder.com/640x480.png/0066cc?text=nihil', 4, NULL, NULL),
	(98, 'Porro quia doloribus nulla atque reprehenderit voluptates qui. Vel est amet cum dolores dolor quisquam aut officia. Nostrum omnis maxime aut error autem. Voluptatem et dolores ea occaecati labore eius.', 'Ratione soluta modi quaerat voluptas. Delectus velit eaque ut distinctio perferendis. Dolore est similique sequi unde quos ullam. In id quia enim placeat iure. Adipisci nemo nihil atque autem sint neque. Autem recusandae deserunt ea. Deleniti consequatur eos culpa. Possimus rerum aut perspiciatis dolorem quam id.', 'Molestias a ex quia saepe eius est. Laboriosam commodi soluta voluptatem aut. Dicta sit ullam minus nihil voluptatem repudiandae labore. Eaque excepturi aliquam ullam. In rerum ea quae non. Aperiam cumque non ducimus dolores velit. Inventore quibusdam adipisci et dolorem. Dolorem labore eveniet sed molestiae consequatur ipsum veritatis. Assumenda dolor ut enim. Laborum nihil impedit consequatur minus voluptatem. Temporibus alias tempora doloremque sit nam voluptatibus. Culpa eligendi autem voluptatem itaque dicta molestias nihil. Expedita fuga amet odit dignissimos iusto debitis. Dolores illum aliquid dolorem. Nihil est sint cupiditate dolor cum. Eaque dignissimos ut corrupti aut. Numquam aperiam labore ut et voluptate reprehenderit doloremque. Aperiam possimus sapiente amet commodi. Et magnam debitis sint reprehenderit possimus optio. Atque est et et. Tenetur et aut odit et eum voluptatem dolor. Iusto laudantium nihil dolorem magni.', 'https://via.placeholder.com/640x480.png/00ffee?text=voluptates', 3, NULL, NULL),
	(99, 'Perspiciatis quia natus tenetur at. Autem placeat nam natus voluptatem molestiae et. Repudiandae tempore magni nam optio dignissimos. Quo error ea veniam et voluptas at sint.', 'Necessitatibus et autem ut ea. Dolor saepe id vero eum. Libero omnis vero commodi nulla. Possimus ea natus distinctio aliquid quia inventore aut. Fugiat possimus placeat quaerat expedita autem. Iusto doloribus quia dolorum cumque exercitationem.', 'Atque ut atque aut quasi saepe et amet. Et delectus enim odio ex quia voluptates aut. Nisi labore iusto facere similique eos ut. Illum unde unde aut vel sunt id asperiores aperiam. Dolorem qui dolor laborum rerum et necessitatibus quas. At odio rerum reprehenderit et reiciendis sit quam. Delectus inventore rerum cupiditate voluptatum. Id laboriosam iusto reiciendis vitae autem ducimus natus. Eum ut praesentium sit sunt et molestiae. At nemo omnis maxime ea voluptatibus sunt. Quis sed quod atque assumenda officia ipsam beatae. Doloribus vel corporis vitae ex. Quia aut ut exercitationem ab odit sunt laborum. Quia ducimus in eum blanditiis quidem. Dolorem eos quibusdam consequuntur commodi corporis. Est perspiciatis qui et sunt iusto atque. Labore quaerat quia deserunt distinctio doloribus. Praesentium quis fuga perferendis veritatis velit iusto quia. Quibusdam quas laborum cumque.', 'https://via.placeholder.com/640x480.png/00bb33?text=harum', 1, NULL, NULL),
	(100, 'Perferendis beatae suscipit eos qui nam porro. Eos nihil quia quas consequatur nemo. Ut voluptatem facilis rerum. Labore quaerat officia provident est.', 'Et vitae impedit voluptas vitae. Voluptatem culpa ut ut commodi provident dolor. Temporibus quibusdam aut aut recusandae repellat et. Qui repudiandae dolor praesentium praesentium numquam perferendis. Cum suscipit accusantium voluptatem et eveniet. Et repellendus excepturi voluptatem architecto fuga quae et.', 'Cum nemo illum unde aut in. Molestias dolorem vitae in aliquam ut voluptas. Dolorum ex ea ut adipisci quo. Enim dignissimos sed hic aliquid. Maxime blanditiis sint rem officia et non. Nesciunt hic neque est alias est distinctio ab dignissimos. Sunt voluptate consequuntur porro. Id consectetur modi consectetur commodi eaque exercitationem. Earum aut voluptatum maiores corrupti vero. Et fugit ducimus beatae enim ipsa nihil placeat consequatur. Adipisci ut ipsa voluptate expedita eveniet omnis. Sit hic aut exercitationem debitis tempora voluptas ea. Quaerat minima nostrum aut nihil. Nulla numquam eligendi qui nulla assumenda ipsum quas. Quam aliquam rem et quae. Aut asperiores voluptatem quo eos doloribus. Ipsum iste animi libero et quae. Veniam possimus quaerat laborum tenetur repellendus a. Enim sit sit esse numquam. Fugit facere qui consequatur quas.', 'https://via.placeholder.com/640x480.png/00bbee?text=perspiciatis', 7, NULL, NULL),
	(101, 'Qui quo eos autem ut deserunt. Dignissimos nisi consequatur temporibus nemo vel. Dolorem facere itaque nam id. Est ut ut iure natus omnis.', 'Et sunt cum laboriosam corporis minus. Omnis alias est doloremque dolor facilis vero nulla. Distinctio eius id perferendis quia doloribus voluptas. Eum eligendi quam et ea non fugiat. Expedita ut ullam nostrum qui dolorum ut. Porro dolorem odio esse corrupti omnis quidem. Et ipsam quia facere est ex.', 'Amet distinctio aut incidunt velit et quia quia. Eveniet labore nostrum qui animi autem iusto id. Totam tempora enim sint veniam voluptatem. Quam temporibus fugiat sed sed aperiam cupiditate. Amet repellendus vel voluptatum et dolores dolores est inventore. Maiores iusto dolore tempore accusamus velit aut. Et quae at nobis numquam illum in. Porro ea veritatis neque pariatur deserunt. Quia consequatur repellendus assumenda corporis nobis rerum. Et nam amet quasi omnis assumenda. Nulla modi quos dolorum nisi magni. Non magnam est voluptatibus quia. Ut hic eaque a. Et vitae dolorem maiores id excepturi cupiditate autem. Earum quas mollitia rem dolor cum dolorem. Dolorum ut beatae aut porro iste et maxime. Est voluptas optio eos ut sequi. Et fugit eos saepe adipisci consequatur ducimus. Totam mollitia placeat libero et quaerat eum odit. Nihil qui officia eius dolorem dolores eum similique.', 'https://via.placeholder.com/640x480.png/00dd99?text=excepturi', 2, NULL, NULL),
	(102, 'Nihil esse non et et quis facere. Tenetur possimus dicta explicabo dolorem reprehenderit consequatur laboriosam. Necessitatibus quia illo dolorem voluptatem labore.', 'Repellat quidem culpa consequatur repudiandae. Quis commodi similique harum. Facilis eum et quod temporibus dicta odio. Exercitationem libero sapiente consequatur nobis. Ut consequatur quia sint similique. Quod officia alias excepturi doloribus nobis quia perspiciatis et. Deleniti ipsum sit aspernatur nesciunt optio alias aut omnis. Laborum facere voluptate maiores sequi sit.', 'Porro voluptatem maxime eos qui harum nihil modi. Aliquam repudiandae nesciunt rem sapiente molestiae aut aperiam. Omnis iste repellendus et quae enim est amet quia. Sapiente magni quia est magni iure et necessitatibus. Quaerat distinctio nam sed sed asperiores ipsum adipisci. Quia vitae in excepturi consequatur et quia est. Autem rerum sed ut. Sit pariatur esse nostrum excepturi cumque nemo ducimus voluptatem. Incidunt nihil error placeat non ea. Tempora possimus explicabo voluptatibus cum ab expedita dolores. Qui eos error dolorum sapiente cupiditate consequatur a. Tenetur sed rerum quam similique fugit voluptatem. Fugit consequatur earum deleniti reprehenderit eveniet aut. Ipsam ab cumque sed ut quis. Excepturi ut architecto facilis fugit eum hic quas. Eligendi consectetur est quisquam et animi aliquam est. Sit sed atque ducimus perferendis sunt molestiae quo. Officiis illum dolore praesentium. Quaerat et sunt est.', 'https://via.placeholder.com/640x480.png/005533?text=est', 8, NULL, NULL),
	(103, 'Repellendus eveniet vitae voluptatem animi illo. Vel maxime repudiandae consequuntur et reiciendis sit sunt. Veniam illum nesciunt rerum dicta omnis. Dicta illum accusantium esse et et fugiat sed.', 'Voluptatibus ullam quidem dolorum quidem dolorum. Totam ut ducimus unde dolores illo laboriosam. Omnis eius ea quam iste placeat ratione quod. Quas repudiandae et voluptatibus eius. Dicta autem vel est sed. Sit perferendis error consequuntur suscipit consequatur.', 'Voluptas aut veritatis pariatur eaque qui. Rerum sapiente nostrum explicabo quidem qui. Rerum numquam voluptatem totam nihil ut repellendus. Aliquid quisquam aut facilis laboriosam rerum deserunt. Pariatur inventore aut veniam temporibus et et tenetur quod. Consectetur et et et repellat atque porro. Architecto enim soluta impedit et. Aut ipsum error asperiores minus modi expedita. Atque fugit minima officia provident dolorum illum assumenda labore. Non quae dolorem fugiat qui id ut. Ducimus sed quo sit facilis aspernatur aliquam iure labore. Necessitatibus officia quam sed nesciunt quia blanditiis atque id. Non quam nulla vitae fugit laudantium. Facere quas qui commodi a nihil atque ad. Quaerat doloremque occaecati aliquid reprehenderit ea dolore. Eaque minima beatae eum corrupti qui. Voluptatum possimus vel et ut vitae consequatur. Ipsum magnam aut minima excepturi aut. Et repellat pariatur quae expedita quaerat assumenda fugit aut. Id occaecati corrupti nihil magnam.', 'https://via.placeholder.com/640x480.png/0066ff?text=dolorem', 10, NULL, NULL),
	(104, 'Natus cum in eum et debitis illum qui. Eum deserunt placeat dolor sed odio. Est quo nam velit.', 'Sed aperiam officiis aliquid saepe quia molestias aut. Nulla voluptatem libero officia. Dolores ab in accusamus quia optio ducimus id. Sit unde repudiandae quidem. Dolorem dolorem laborum voluptatem quo cum et. Quas officiis asperiores qui ipsum placeat aut eius. Ipsum est odit voluptates autem. Magni ab blanditiis qui eos numquam facilis. Nostrum occaecati maiores et. Qui tenetur ut ad et.', 'Excepturi autem eveniet illum provident fugit. Sit dolores et sint alias nostrum. Non iure sed corrupti. Consequatur totam animi dolor at dolores. Qui dolorum expedita in itaque. Iusto ut qui sit consequatur blanditiis est consequatur. Tenetur hic tempore quod nobis. Et et eum necessitatibus qui. Dignissimos veritatis velit aut in reiciendis laborum omnis. Quasi eveniet id voluptatem. Repellat reiciendis culpa rerum quia et. Est vero et animi quia quae qui harum architecto. Similique debitis aliquam voluptatem atque. Et non quis optio rerum ut. Tempora et sequi eius rerum repellendus eaque id. Laboriosam ipsum totam nulla animi veniam facilis ipsum. Quisquam modi in dolor necessitatibus dolorem. Voluptatibus fugit consequatur aut labore natus ab maxime asperiores. Quia eaque molestiae ut aut laboriosam corrupti. Cum vel aut nobis recusandae quos velit. Aut odio nobis quasi mollitia deleniti et architecto. Ut pariatur cupiditate rerum rerum incidunt et.', 'https://via.placeholder.com/640x480.png/0099bb?text=explicabo', 6, NULL, NULL),
	(105, 'Sit qui aperiam dolor. Reprehenderit at ratione perspiciatis deleniti nisi velit ut. Incidunt id aut nemo distinctio accusantium id aut.', 'Consequatur animi consectetur animi corrupti libero quo dolores voluptatem. Quia aut porro excepturi rerum. Ea qui hic sed quia magnam aliquam. Culpa perferendis ut dicta qui et provident illo. Doloribus enim inventore accusantium soluta et impedit. Similique sunt laboriosam sit quia cumque assumenda. Et et accusamus velit numquam dicta tempore aut.', 'Veniam quibusdam soluta in debitis vero qui sed. Enim et voluptatum est numquam maiores eos est. Assumenda totam officiis ipsum recusandae ducimus reiciendis. Eveniet aut libero accusamus et quia. Voluptas aperiam et veritatis illum voluptatem sequi nulla. Aut facere alias deleniti magnam ipsa quis ea accusantium. Sint assumenda illo sapiente quos nulla quam necessitatibus. Eius assumenda doloribus vero. Quo vel qui et libero velit provident maiores. Dolores praesentium est natus dolor facere consequuntur dolore. Dolores provident ut voluptatem ut. Repudiandae consequatur qui quis autem. Accusamus sint nemo ipsa eos ut ab. Modi quis officiis id assumenda quia qui. Qui eum harum nihil cupiditate et ea odio. Corrupti eligendi iste accusamus explicabo aut aut ad. Et rerum harum et nemo qui qui distinctio magnam. Pariatur minima reiciendis molestiae temporibus commodi maiores.', 'https://via.placeholder.com/640x480.png/00aa55?text=dolorum', 2, NULL, NULL),
	(106, 'Dolores mollitia vero dolor pariatur molestiae fugiat. Sint repellendus sint neque ratione enim. Quis facere atque velit possimus nihil.', 'Distinctio sint optio ducimus aut occaecati voluptatem officiis. Sit pariatur facilis reiciendis explicabo. Veritatis suscipit expedita et et dolor. Dolores iusto occaecati aut voluptas quae quos. Nihil qui doloremque veritatis. Consectetur ut eveniet quia occaecati dolores.', 'Reprehenderit maiores qui qui debitis quaerat. Qui est non impedit rerum. Aut quis sunt qui. Amet molestias eos atque et. Aut dicta ratione exercitationem accusantium. Quia excepturi et quae voluptatem et et. Vitae consequuntur ut nihil consectetur. Rerum ab et aspernatur sed doloribus. Dolores vitae doloremque assumenda laudantium nulla vitae illum. Quisquam ut fuga explicabo itaque id repudiandae vel. Commodi repellat rerum et qui vero. Commodi dolor ducimus quo tenetur amet voluptas. Rerum optio rerum iusto dolor rerum ut animi. Tenetur ut nihil ad quae possimus. Recusandae sunt aut suscipit nesciunt ipsam sit est. Rerum id eum veniam sit odit sequi tempore rem. Doloremque in odit quam pariatur fuga. Porro eum consectetur eaque modi eius sint. Eaque quisquam magni voluptates esse. Eveniet quis architecto rem. Omnis architecto sint qui iure doloremque autem. Ipsum inventore ab inventore et repellendus.', 'https://via.placeholder.com/640x480.png/00ffcc?text=porro', 7, NULL, NULL),
	(107, 'Libero modi omnis quo animi placeat. Temporibus ducimus ut eos iure repellendus animi. Eligendi et et sed quaerat molestiae. Corporis ipsa deleniti cupiditate cupiditate temporibus.', 'Ipsam animi deleniti vel adipisci labore odit. Et voluptas quibusdam dignissimos sit quos aut. Dolor sed rerum quis. Et minima minus iure aspernatur. Iusto voluptas sapiente sint qui nostrum ipsa enim molestiae. In suscipit possimus ipsa cum. Sed ad placeat provident quis officiis.', 'Ipsa maiores et ratione distinctio ipsa in. Ut minus iusto sunt et aperiam voluptas non. Distinctio harum quo minima nulla consequatur. Facilis nesciunt nulla hic non. Cum neque et exercitationem esse id. Non debitis rem accusamus dolorum ut cumque optio ratione. Voluptates rem laudantium asperiores exercitationem suscipit nisi itaque. Nemo non aliquam maxime aperiam perspiciatis voluptatum est aut. Ullam ut aut omnis exercitationem sit ab. Est nisi perspiciatis eum dolorem ad. Molestiae et ea sunt aut voluptatem. Quia ipsum et harum ullam necessitatibus eius. Molestias modi rerum nihil quis natus omnis inventore. Quam suscipit nobis sit qui accusamus eum. Odit officiis adipisci cumque minus omnis. Asperiores ea cumque unde ullam sed voluptates nam ipsum. Sapiente quas harum laboriosam tenetur vel error. Dolores non recusandae omnis ipsam quas aut. Incidunt voluptas molestiae ab voluptate doloremque excepturi iste culpa. Ipsam quo et nisi numquam sint. Ea vel aut inventore est quis.', 'https://via.placeholder.com/640x480.png/0077cc?text=dignissimos', 7, NULL, NULL),
	(108, 'Qui totam deleniti est quibusdam maxime quis dolorem. Laboriosam deleniti est voluptatem doloribus aut et in consectetur. Est magnam sed voluptatum provident ex dolor in nihil.', 'Vitae neque et quas fugiat rem nam asperiores. Omnis ullam sit facilis et illo. Quia autem voluptas autem voluptatem sit error. Dolorem qui quidem enim et. Quo est incidunt harum illum aut amet corporis. Explicabo labore numquam magnam in cum voluptates. Mollitia expedita error beatae numquam. Est fugiat omnis incidunt suscipit.', 'Animi et voluptas nulla. Quis est totam in eveniet veritatis facere dolorem. Sunt voluptas labore et laborum neque. Esse vitae aliquam minus. Dolore laudantium quia commodi et expedita voluptatem. Consectetur id fugit distinctio commodi iusto aperiam ut. Nostrum sequi ipsum consequatur sunt aperiam ea aut. Veritatis dolores corrupti voluptate et nihil saepe earum. Itaque dolorum blanditiis pariatur sapiente sint ut. Facere aut eum perferendis voluptate aperiam. Dolorum ratione libero vel voluptatem. Consequatur quis rerum quis harum rerum amet et. Quos dolores atque possimus sit. Totam cupiditate cumque ad modi aut labore in cupiditate. Ullam enim eius et sed. Voluptatem illum sequi dolor quis sed enim consequatur. Id enim saepe et beatae eaque deleniti deleniti. Totam labore aut iste id atque eaque et et. Non itaque natus et a vel accusantium. Fugit doloremque consequatur maiores nulla dicta aut.', 'https://via.placeholder.com/640x480.png/00bbff?text=magni', 10, NULL, NULL),
	(109, 'Suscipit est voluptates omnis consequuntur. Velit ut dolores et sint voluptates laudantium vel ab. Cupiditate quia aliquam sit qui quibusdam at. Deleniti aspernatur qui labore facilis.', 'Qui in repellendus ullam quia iste ut odio iste. Voluptatem quos eligendi omnis totam consequatur sed. Fuga eius veritatis quaerat dolores quod similique recusandae. Asperiores quia soluta impedit exercitationem. Praesentium est nam qui. Reprehenderit tempora reiciendis dolor iusto. Rem accusamus eum vel non dolorem quas in. Molestias aut harum enim.', 'Cumque ut praesentium magnam eos ut praesentium dolores saepe. Magni et ex in impedit molestiae culpa quis. Dolor quos quia voluptatem dicta. Nulla qui consequatur sunt cumque. Omnis quis quibusdam ea deserunt et consequuntur et. Culpa corrupti itaque eaque veritatis ex eaque. Optio corrupti sed impedit est dolore vitae perspiciatis. Blanditiis dicta et quo voluptate et nisi consectetur. Perferendis vero similique omnis eos veritatis. Inventore dolores molestias ipsam similique qui non. Et ipsa similique dolores enim. Unde nisi est omnis accusantium iste. Rerum molestiae numquam sapiente ut aspernatur veritatis. Sint voluptatibus laboriosam sunt doloribus iure. Aperiam dolore ut iusto fugit veniam. Exercitationem minima nihil eum quae. Hic est necessitatibus enim quaerat et repudiandae quia. Nihil adipisci occaecati autem aut. Architecto suscipit molestiae ut. Quod in voluptas voluptates quibusdam tenetur exercitationem cum. Atque dicta tenetur magnam minima.', 'https://via.placeholder.com/640x480.png/0077aa?text=porro', 2, NULL, NULL),
	(110, 'Qui rerum rerum et error voluptas sed facere. Deserunt nihil ut qui omnis voluptate alias cum. Et qui culpa exercitationem sed rem hic molestiae.', 'Dolorem similique enim veritatis. Occaecati praesentium id temporibus. Aut earum repellat maiores qui aut dolores. Aliquam consequatur minus amet in aut. Et quia tempora quam molestiae sunt praesentium. Error aut dolor expedita minus. Reprehenderit omnis non qui sit nulla. Neque quia suscipit quia autem.', 'Numquam repellendus sunt quidem a mollitia. Tempora eum impedit ut aliquam assumenda. Corrupti saepe vel est quis. Perspiciatis libero commodi corporis ad. Et numquam ratione neque recusandae ut. Architecto expedita omnis incidunt corporis illum. Quae id eligendi repellat similique dicta amet ipsam sunt. Nihil occaecati quasi delectus est veritatis natus. Accusamus non est quaerat et dolore eum. Et repellat adipisci minima dolores cumque culpa. Deleniti inventore nulla odit porro pariatur voluptatibus. Et aut velit et dicta quo nemo eius. Esse at consequatur ut veritatis. Iusto minus nihil dolores asperiores debitis sint. Velit quis iusto modi recusandae est et. Qui tempore esse illo adipisci quisquam impedit aspernatur ut. Eius qui praesentium et tempora et. Omnis facere consectetur consequatur harum quos repellat. Aut est repellat non magnam non. Quia qui et quam enim amet.', 'https://via.placeholder.com/640x480.png/004455?text=quasi', 1, NULL, NULL),
	(111, 'Eum voluptatem eaque accusamus totam totam repellat repellat consequatur. Et voluptatibus officia dolorem aperiam harum. Ex aut occaecati ut non magni. Fuga consequuntur et fugiat est est. Molestiae quibusdam sapiente aliquam error.', 'Illo perferendis sapiente eius ut. Sit est velit quaerat iste porro. Quae error magnam tenetur voluptas minima. Illo quis nihil sed aspernatur. Et nisi et laboriosam maxime possimus consectetur. Voluptatum ut soluta maxime velit quidem accusantium maxime illo. Sapiente veniam similique debitis iure. Eveniet officiis nam voluptatum minima blanditiis.', 'At deserunt ut laboriosam eaque tenetur est aliquid. Laboriosam voluptas sed sed ut. Perspiciatis quia temporibus iste deserunt sed quod atque. Aspernatur sed tempore esse. Tempora quia atque magni quam. Omnis ducimus molestiae eligendi distinctio. Odit at atque maxime sunt perspiciatis quas. Odit ut incidunt aspernatur non mollitia dignissimos fugit. Et magni ut sed eum. Autem totam ut aut nulla. Culpa sit sit est maiores ut. Ex vitae ut hic aut saepe. Excepturi sequi aut quibusdam non minus culpa. Est nemo quam amet est delectus. Facere fugit eveniet veritatis quos. Quidem sit deserunt neque adipisci alias. Omnis qui molestias voluptatem ex amet dolores repellat. Id voluptatem at eos quidem qui veritatis. Reprehenderit quia molestias velit et aut est. Voluptatum voluptates eos consequatur occaecati incidunt. Nobis quasi eum minima at. Dolorum quo accusantium et. Vero voluptatem soluta dolores qui. At et veniam et ipsam impedit qui. Fugiat dignissimos asperiores qui rerum ipsam.', 'https://via.placeholder.com/640x480.png/00dd66?text=totam', 6, NULL, NULL),
	(112, 'Non voluptates et omnis quas illo. Facilis velit ab fuga nisi autem quo. Deleniti praesentium quisquam ipsa enim animi qui occaecati. Vel ut quia ratione vero placeat maiores ipsa. Adipisci amet qui exercitationem et.', 'Dolor consequuntur expedita rerum officia omnis officiis et. Eum nesciunt sed quis odio ut veritatis sed. Quae et quod suscipit aliquam placeat non. Ipsa laboriosam possimus explicabo sit. Quia adipisci natus aut fugiat placeat. Consequatur non amet laborum quibusdam aspernatur autem. Cumque ut voluptatum facilis unde laboriosam. Rerum dignissimos dicta est. Qui quasi nihil ab aut.', 'Ipsa quo nihil error eligendi autem necessitatibus facilis sit. Quibusdam est et et odio. Dolores non temporibus sunt et officia praesentium magni eum. Aut eveniet inventore eius. Reprehenderit molestiae numquam qui. Natus similique rerum quis quibusdam. Dolorem ipsa corrupti voluptas dignissimos libero quibusdam. Perferendis rem delectus temporibus ex. Dignissimos recusandae provident sint velit dolores. Itaque exercitationem debitis dolorum maxime facere eos. In totam et ipsum dolor et. Ut dignissimos magni omnis vitae asperiores. Dolorum consequatur fuga minima est magni voluptatibus inventore magnam. Minima et error aut natus cupiditate voluptatibus. Quo tempore et recusandae deserunt quis. Et facilis rerum consectetur sed ullam totam itaque. Quo quia distinctio quia quam harum. In repellendus quae nam eos aliquam non earum veniam. Molestiae nam est dolores ab. Facere unde est enim eaque. Sed quis corrupti consequatur eius eaque eum veniam.', 'https://via.placeholder.com/640x480.png/004433?text=architecto', 7, NULL, NULL),
	(113, 'Ullam enim iure qui quidem eum tenetur expedita illo. Et ratione inventore qui qui pariatur doloremque nam. Illo consequatur ullam asperiores fugit. Ad adipisci autem culpa distinctio dolorem.', 'Nesciunt architecto ex vel debitis. Quos hic sed eaque et voluptatem qui culpa. Velit consequuntur sunt molestias saepe quia. Quas incidunt voluptatibus laborum deleniti ab. Error ea debitis laudantium. Quae magnam ex ullam voluptatibus. Dicta non dolores vitae ex est minus fugiat.', 'Eos nobis voluptatibus minima voluptatem tempora modi voluptatem enim. In sunt omnis qui et. Quis nobis omnis voluptas consequatur amet. Esse dolores voluptatem adipisci neque itaque. Qui error quos itaque est. Autem ratione et officiis ipsum cum et perspiciatis. Perferendis quidem minima sunt blanditiis nemo minus recusandae. Velit nobis quas ut suscipit nisi est veniam non. Ullam sit dolores exercitationem maiores est et minima. Et dolores voluptas omnis enim sit dolores. Architecto explicabo consequatur rerum quis dolorum laboriosam rerum repellendus. Eum voluptate molestiae enim omnis itaque doloribus molestiae. Illum magnam facere ad dolores at facilis quaerat quisquam. Aspernatur quasi officiis facilis sed. Voluptates quaerat non voluptatem voluptates doloremque ad. Dicta qui voluptate animi. Deserunt vitae sit non ea soluta. Incidunt omnis accusamus mollitia repellendus nulla debitis sit illo.', 'https://via.placeholder.com/640x480.png/00eedd?text=voluptatem', 6, NULL, NULL),
	(114, 'Aut debitis suscipit minus possimus at. Totam consequatur est architecto ad. Vero esse molestias qui eos. Magni impedit et nulla quidem et repudiandae. Neque voluptas quis aut vel nesciunt sed. Aut earum sunt in earum non.', 'Maiores et quod maiores minima quo eos nulla nostrum. Asperiores minus aut iusto aliquam et. Dolore dolores et amet. Sunt placeat odio est. Dolorum autem omnis est molestias eius illum delectus perspiciatis. Odio aut sit illum autem et quia. Consequuntur voluptatem corporis dolor sequi culpa. Aliquam ipsum quia at aut fugit. Aut dolor doloremque quia suscipit.', 'Aut est suscipit maiores ad at. Blanditiis itaque aliquam facilis nisi ex omnis. Dignissimos distinctio rerum aspernatur est nesciunt facere velit sed. Culpa aliquid commodi molestiae praesentium consectetur sed recusandae. Inventore tenetur velit cum repellat illo alias reiciendis. Quas explicabo hic rerum corporis et tempora. Numquam quia nisi maiores alias eveniet magnam ipsum. Possimus saepe suscipit aut at tempora. Omnis tempore ipsam possimus. Numquam consequatur minus repellendus et aliquam. Temporibus ad commodi sint unde sint ullam praesentium. Cupiditate quos dolor sed modi corrupti est. Et est est totam repellat cumque soluta. Rerum nesciunt expedita iusto qui inventore. Facilis tempore et ea sapiente. Omnis et omnis aliquam omnis eligendi non autem et. Minus dolores fugit est. Ipsam commodi illum veniam commodi voluptatem et et. Quia porro fuga ab consequatur omnis. Cumque blanditiis sit est earum pariatur. Dolorem illo nemo suscipit.', 'https://via.placeholder.com/640x480.png/00ff99?text=velit', 2, NULL, NULL),
	(115, 'Non voluptatem saepe est soluta voluptatem sunt. Nobis iste est velit dolorem. Harum quos debitis quidem tempore exercitationem dolor odio. Et eum ullam qui voluptatem.', 'Libero sed mollitia aliquam saepe laudantium dolores inventore. Aut aut aut qui culpa sed. Iure voluptatem fugit sapiente. Qui voluptatem ea reprehenderit eius unde. Adipisci quia sit perspiciatis mollitia. Ut est et fuga aliquam saepe assumenda consequuntur. Magnam ut repellat voluptatem similique.', 'Suscipit vero aut dignissimos suscipit sint recusandae in. Eaque blanditiis officiis consequatur sit sed sit illum. Qui voluptas ducimus ipsum illo occaecati minus. Sint atque quo doloremque quasi. Consequuntur non sit voluptatem vel sint autem nihil. Vero quibusdam expedita dignissimos et. Et ea voluptas eos consectetur delectus omnis possimus. A quis non est nemo quod. Perferendis inventore quia consequatur. Neque error dolorem totam sit. Aperiam maiores consequuntur non vel. Enim aspernatur est rem. Numquam natus sit sunt aspernatur sint assumenda quia. Id vel nobis in iusto ratione. Quia nihil corrupti atque possimus asperiores natus et nemo. Qui consequuntur ut ullam esse. Magni et perspiciatis laborum rerum non eius et. Quo deleniti est consequatur repellat maxime incidunt. Ut dolorem tenetur aspernatur qui quia pariatur fugiat. Quibusdam recusandae dolor reprehenderit ea sunt ut at est. Sint minus laudantium architecto culpa et. Omnis eos saepe tempore ut.', 'https://via.placeholder.com/640x480.png/00aaff?text=ratione', 3, NULL, NULL),
	(116, 'Ut quibusdam est omnis quod ullam. Minima distinctio architecto ipsum omnis sed sit. A doloremque explicabo totam sed et. Ad voluptatem ipsum a natus facilis voluptas libero.', 'Ut dolorum distinctio eum. Natus natus natus ab non corporis. Facere soluta animi cumque aut debitis. Voluptatibus sed deserunt tenetur error occaecati doloremque possimus. Quis repudiandae voluptatem et quo numquam quo labore. Non eligendi soluta eos consectetur nihil. Quia est illum eius enim consectetur assumenda. Debitis deserunt tempore ut in magni quia inventore.', 'Quisquam pariatur ex id. Est quisquam harum voluptates suscipit quos quis ut alias. Autem sed ratione ab eligendi minus et. Earum dolores distinctio aliquam odit. Sed et fuga tempora blanditiis a voluptates. Adipisci debitis rem nihil pariatur hic iusto. Reprehenderit nostrum nulla consectetur laudantium dolore similique. Sint aut eligendi aliquid dolore id consequuntur aliquid. Necessitatibus voluptatum enim quas repudiandae. Et dolores consequuntur rerum voluptate aut temporibus aliquid. Et esse aspernatur velit repudiandae explicabo quaerat. Rerum quam molestiae nostrum voluptatum odit. Esse id ad laboriosam dolorum. Possimus assumenda saepe atque. Molestiae eligendi ab qui iusto architecto ipsum. Tenetur magnam accusantium placeat molestiae. Veniam dolore repellat cum doloribus. Dolor dolores dolore ab architecto velit ut. Repellendus aspernatur qui soluta sunt. Ipsam distinctio inventore et voluptatum vel temporibus.', 'https://via.placeholder.com/640x480.png/00ff99?text=quis', 6, NULL, NULL),
	(117, 'At deleniti aut laudantium est. Animi odit dolorem suscipit ipsam ea. Cupiditate ut error voluptatibus dolores labore quidem. Quibusdam autem enim tempore voluptas illum.', 'Nulla nam recusandae est facilis tempora dolores voluptas. Qui aut atque porro dolorum. Voluptatem nesciunt quaerat aliquid officia est eveniet quis. Rerum quia aut placeat praesentium rerum autem. Expedita aut magni eveniet non reiciendis. Consequatur occaecati eaque nulla commodi aut eum. Ut doloribus est quia id vel maiores qui.', 'Quasi sit quas neque aperiam dolor deleniti minima. Est ut blanditiis tenetur aut. Harum quia incidunt occaecati. Vitae velit amet reprehenderit error. Perspiciatis iste natus autem ex asperiores. Est minima tenetur hic aut dolorem nulla nihil. Nam numquam suscipit aut facere ducimus iusto. Voluptas reprehenderit quo qui a dolorem velit rerum. Labore excepturi sed dolorem et. Aspernatur odio quaerat consequatur ducimus tempora laudantium. Voluptatibus non dolores nihil et incidunt ex. Ut maiores nostrum veniam quis repudiandae ducimus. Illo rerum totam perspiciatis et placeat maxime provident qui. Reprehenderit illo velit facilis quos possimus aut suscipit. Vitae reprehenderit voluptatem vel nulla occaecati quia. Magni veritatis quod libero sed ea nostrum consequatur. Exercitationem quam nisi sint est. Nihil laborum assumenda odio non nihil ullam explicabo.', 'https://via.placeholder.com/640x480.png/004400?text=temporibus', 3, NULL, NULL),
	(118, 'Quo aut consequuntur quo explicabo. Culpa voluptas similique maiores ut quia. Consequuntur non voluptate odit voluptas et vel accusantium ut. Nesciunt accusantium consequatur at ab est.', 'Reprehenderit ut velit aliquid. Labore consequuntur assumenda magni praesentium. Et aliquid libero qui. Qui quia unde qui nihil sequi et. Sit facere et quam ipsam nobis qui. Qui neque sapiente harum odio hic quas et. Mollitia saepe quis est eveniet sunt qui. Et magni asperiores qui et perspiciatis sit quos. Et deleniti velit reprehenderit. Porro optio rem aspernatur maxime debitis consequatur.', 'Quas cum animi fugit a. Qui accusamus aut pariatur quis facere. Delectus voluptas suscipit laborum consectetur veritatis. Possimus mollitia doloribus corporis quo neque ut ex. Alias quis illo et alias vel. Consequatur in error labore est eligendi ad nemo eum. Reiciendis et corrupti aliquam possimus vel dolore aliquam. Officia voluptatum deleniti rerum illum nihil sit voluptatem. Unde culpa nam tempora. Aspernatur ex iste cumque eum magni rerum. Nobis eaque repudiandae est non neque est. Beatae debitis quia neque soluta quaerat eaque. Aut saepe sequi placeat corrupti eligendi voluptas incidunt. Quibusdam eligendi veritatis ab dicta voluptatem aut at. Quasi laboriosam quos odit sunt voluptatem aut. Dolorum et et consequatur ut ut qui. In voluptatem nihil dicta fuga. Facere dolorum fugit ad nemo sapiente. Eum nostrum rem amet doloremque et rerum. Quia saepe iusto ipsam dicta sint dolorum aut.', 'https://via.placeholder.com/640x480.png/006622?text=earum', 3, NULL, NULL),
	(119, 'Voluptas magni facere odit est mollitia laboriosam. Mollitia architecto ea quia adipisci voluptas ullam qui fugiat. Velit nihil a et nemo.', 'Quis at ut autem quis explicabo sed numquam. Modi deleniti animi et veritatis fuga magnam suscipit. Dolores alias possimus voluptatem fugiat occaecati et. Et voluptates iste fugiat pariatur est similique. Consectetur sed doloremque velit vel nam ea magnam. Culpa accusamus voluptatem molestias quis. Explicabo beatae a sequi eum libero sit voluptatem. Quae et et illo minima dolores.', 'Sint odio consequuntur eligendi magnam consequuntur. Nemo voluptas placeat odit ut tempore sit ea. Consequatur tenetur dolor sed corporis sit autem corporis impedit. Quis ut doloribus totam rerum dolorum. Dolorum dicta omnis vitae eaque culpa. Pariatur quae eligendi maiores aliquam sunt cumque atque quis. Quos quo ut sunt vel voluptas. Accusamus dolores odit aut quos occaecati est. In laborum reprehenderit voluptatibus est error. Corrupti numquam ut sit similique. Et illum error dolores quasi nihil. Nobis nesciunt adipisci voluptatem quibusdam consequuntur voluptatibus quia. Pariatur explicabo nihil eos optio voluptas expedita aperiam. Fuga occaecati eligendi sint sit corporis molestias explicabo perferendis. Et est similique vero aliquam vel non. Consequatur est voluptas voluptas eum possimus quis. Quo id adipisci natus et quis magni. Voluptas excepturi illo ut iste dolorem doloribus.', 'https://via.placeholder.com/640x480.png/002266?text=non', 5, NULL, NULL),
	(120, 'Est ducimus minima qui accusamus modi saepe. Esse earum eos quo quia ea illum. Impedit officia impedit similique sed eum consequuntur. Fuga accusantium ipsa porro error totam. Sequi id sunt nisi totam.', 'Voluptatibus quis quos asperiores sapiente in ullam. Debitis fuga illum rerum sit. Autem quis maiores voluptatem et. Quae voluptas dolore quasi laboriosam laboriosam. Voluptas aspernatur autem corrupti et est mollitia. A est animi corrupti ut aut placeat. Optio amet veritatis sed possimus occaecati.', 'Saepe ea sequi quo et. Nihil et ut accusantium autem hic. Non est autem quod. Sit quam error voluptatum sunt doloribus reprehenderit. Et nobis nobis voluptates rerum impedit. Sed aliquid dolor cupiditate totam. Sapiente corporis distinctio saepe est qui aut. Placeat labore ut hic voluptates in velit. Velit saepe sed ut molestiae ut voluptatem molestias. Occaecati expedita autem sapiente quo. Tempora autem corporis aut ipsam quia. Quas error aspernatur pariatur at qui necessitatibus in. Velit a ratione ut est. In sint perferendis in suscipit culpa adipisci est. Eos aut amet minima explicabo nostrum. Omnis consequatur sequi illo nulla sapiente veniam sapiente. Et voluptas laudantium architecto error. Asperiores repellendus repellat repellat optio dolore explicabo. Non id iure nesciunt. Voluptas dicta possimus expedita culpa ducimus ad sequi. Debitis sit non accusamus quod omnis quo. Consectetur quia autem ea corrupti et dignissimos est.', 'https://via.placeholder.com/640x480.png/009933?text=itaque', 3, NULL, NULL);

-- Дамп структуры для таблица project.password_resets
DROP TABLE IF EXISTS password_resets;
CREATE TABLE IF NOT EXISTS password_resets (
  email varchar(255) COLLATE utf8mb4_unicode_ci NOT NULL,
  token varchar(255) COLLATE utf8mb4_unicode_ci NOT NULL,
  created_at timestamp NULL DEFAULT NULL,
  KEY password_resets_email_index (email)
) ENGINE=InnoDB DEFAULT CHARSET=utf8mb4 COLLATE=utf8mb4_unicode_ci;

-- Дамп данных таблицы project.password_resets: ~0 rows (приблизительно)
DELETE FROM password_resets;

-- Дамп структуры для таблица project.personal_access_tokens
DROP TABLE IF EXISTS personal_access_tokens;
CREATE TABLE IF NOT EXISTS personal_access_tokens (
  id bigint unsigned NOT NULL AUTO_INCREMENT,
  tokenable_type varchar(255) COLLATE utf8mb4_unicode_ci NOT NULL,
  tokenable_id bigint unsigned NOT NULL,
  name varchar(255) COLLATE utf8mb4_unicode_ci NOT NULL,
  token varchar(64) COLLATE utf8mb4_unicode_ci NOT NULL,
  abilities text COLLATE utf8mb4_unicode_ci,
  last_used_at timestamp NULL DEFAULT NULL,
  created_at timestamp NULL DEFAULT NULL,
  updated_at timestamp NULL DEFAULT NULL,
  PRIMARY KEY (id),
  UNIQUE KEY personal_access_tokens_token_unique (token),
  KEY personal_access_tokens_tokenable_type_tokenable_id_index (tokenable_type,tokenable_id)
) ENGINE=InnoDB DEFAULT CHARSET=utf8mb4 COLLATE=utf8mb4_unicode_ci;

-- Дамп данных таблицы project.personal_access_tokens: ~0 rows (приблизительно)
DELETE FROM personal_access_tokens;

-- Дамп структуры для таблица project.sources
DROP TABLE IF EXISTS sources;
CREATE TABLE IF NOT EXISTS sources (
  id bigint unsigned NOT NULL AUTO_INCREMENT,
  title varchar(255) COLLATE utf8mb4_unicode_ci NOT NULL,
  description text COLLATE utf8mb4_unicode_ci,
  created_at timestamp NULL DEFAULT NULL,
  updated_at timestamp NULL DEFAULT NULL,
  PRIMARY KEY (id)
) ENGINE=InnoDB AUTO_INCREMENT=11 DEFAULT CHARSET=utf8mb4 COLLATE=utf8mb4_unicode_ci;

-- Дамп данных таблицы project.sources: ~10 rows (приблизительно)
DELETE FROM sources;
INSERT INTO sources (id, title, description, created_at, updated_at) VALUES
	(1, 'gusikowski.com', 'Sit nostrum sint nihil sit totam ipsum eveniet.', NULL, NULL),
	(2, 'mcglynn.com', 'Tenetur quibusdam ea necessitatibus.', NULL, NULL),
	(3, 'ziemann.org', 'Est dicta reiciendis sed nesciunt et perspiciatis.', NULL, NULL),
	(4, 'keebler.com', 'Temporibus voluptatem voluptatum sunt fuga delectus.', NULL, NULL),
	(5, 'herzog.net', 'Commodi sit vel maiores adipisci cum reiciendis.', NULL, NULL),
	(6, 'mayert.com', 'Rem est facere veniam unde illo consectetur nisi.', NULL, NULL),
	(7, 'wehner.org', 'Dolores quod dolorem assumenda praesentium perspiciatis.', NULL, NULL),
	(8, 'heidenreich.com', 'Facere velit modi deleniti dignissimos itaque.', NULL, NULL),
	(9, 'ankunding.com', 'Quaerat autem sit autem rerum sit doloribus.', NULL, NULL),
	(10, 'aufderhar.net', 'Molestiae maxime maxime debitis praesentium nesciunt.', NULL, NULL);

-- Дамп структуры для таблица project.users
DROP TABLE IF EXISTS users;
CREATE TABLE IF NOT EXISTS users (
  id bigint unsigned NOT NULL AUTO_INCREMENT,
  name varchar(255) COLLATE utf8mb4_unicode_ci NOT NULL,
  email varchar(255) COLLATE utf8mb4_unicode_ci NOT NULL,
  email_verified_at timestamp NULL DEFAULT NULL,
  password varchar(255) COLLATE utf8mb4_unicode_ci NOT NULL,
  remember_token varchar(100) COLLATE utf8mb4_unicode_ci DEFAULT NULL,
  created_at timestamp NULL DEFAULT NULL,
  updated_at timestamp NULL DEFAULT NULL,
  PRIMARY KEY (id),
  UNIQUE KEY users_email_unique (email)
) ENGINE=InnoDB DEFAULT CHARSET=utf8mb4 COLLATE=utf8mb4_unicode_ci;

-- Дамп данных таблицы project.users: ~0 rows (приблизительно)
DELETE FROM users;

/*!40103 SET TIME_ZONE=IFNULL(@OLD_TIME_ZONE, 'system') */;
/*!40101 SET SQL_MODE=IFNULL(@OLD_SQL_MODE, '') */;
/*!40014 SET FOREIGN_KEY_CHECKS=IFNULL(@OLD_FOREIGN_KEY_CHECKS, 1) */;
/*!40101 SET CHARACTER_SET_CLIENT=@OLD_CHARACTER_SET_CLIENT */;
/*!40111 SET SQL_NOTES=IFNULL(@OLD_SQL_NOTES, 1) */;
